<?xml version="1.0" encoding="UTF-8" standalone="no"?><problem-set><training name="author_detect_10_50"><author name="hh"><document title="hh_01_1">jsan_resources/corpora/amt/hh/hh_01_1.txt</document><document title="hh_02_1_2">jsan_resources/corpora/amt/hh/hh_02_1_2.txt</document><document title="hh_03_2">jsan_resources/corpora/amt/hh/hh_03_2.txt</document><document title="hh_04_2">jsan_resources/corpora/amt/hh/hh_04_2.txt</document><document title="hh_05_2">jsan_resources/corpora/amt/hh/hh_05_2.txt</document><document title="hh_06_2">jsan_resources/corpora/amt/hh/hh_06_2.txt</document><document title="hh_07_2_3">jsan_resources/corpora/amt/hh/hh_07_2_3.txt</document><document title="hh_08_3">jsan_resources/corpora/amt/hh/hh_08_3.txt</document><document title="hh_09_3_4">jsan_resources/corpora/amt/hh/hh_09_3_4.txt</document><document title="hh_10_4">jsan_resources/corpora/amt/hh/hh_10_4.txt</document><document title="hh_11_4_5">jsan_resources/corpora/amt/hh/hh_11_4_5.txt</document><document title="hh_12_5">jsan_resources/corpora/amt/hh/hh_12_5.txt</document><document title="hh_13_5">jsan_resources/corpora/amt/hh/hh_13_5.txt</document><document title="hh_14_5">jsan_resources/corpora/amt/hh/hh_14_5.txt</document><document title="hh_15_5_6">jsan_resources/corpora/amt/hh/hh_15_5_6.txt</document><document title="hh_16_6">jsan_resources/corpora/amt/hh/hh_16_6.txt</document><document title="hh_17_6">jsan_resources/corpora/amt/hh/hh_17_6.txt</document><document title="hh_18_6">jsan_resources/corpora/amt/hh/hh_18_6.txt</document><document title="hh_19_6">jsan_resources/corpora/amt/hh/hh_19_6.txt</document><document title="hh_20_6">jsan_resources/corpora/amt/hh/hh_20_6.txt</document></author><author name="rr"><document title="rr_01_1">jsan_resources/corpora/amt/rr/rr_01_1.txt</document><document title="rr_02_1">jsan_resources/corpora/amt/rr/rr_02_1.txt</document><document title="rr_03_1_2">jsan_resources/corpora/amt/rr/rr_03_1_2.txt</document><document title="rr_04_2">jsan_resources/corpora/amt/rr/rr_04_2.txt</document><document title="rr_05_2">jsan_resources/corpora/amt/rr/rr_05_2.txt</document><document title="rr_06_2">jsan_resources/corpora/amt/rr/rr_06_2.txt</document><document title="rr_07_2_3">jsan_resources/corpora/amt/rr/rr_07_2_3.txt</document><document title="rr_08_3">jsan_resources/corpora/amt/rr/rr_08_3.txt</document><document title="rr_09_3">jsan_resources/corpora/amt/rr/rr_09_3.txt</document><document title="rr_10_3">jsan_resources/corpora/amt/rr/rr_10_3.txt</document><document title="rr_11_3">jsan_resources/corpora/amt/rr/rr_11_3.txt</document><document title="rr_12_3_4">jsan_resources/corpora/amt/rr/rr_12_3_4.txt</document><document title="rr_13_4">jsan_resources/corpora/amt/rr/rr_13_4.txt</document><document title="rr_14_4">jsan_resources/corpora/amt/rr/rr_14_4.txt</document></author><author name="ww"><document title="ww_01_1">jsan_resources/corpora/amt/ww/ww_01_1.txt</document><document title="ww_02_1">jsan_resources/corpora/amt/ww/ww_02_1.txt</document><document title="ww_03_1">jsan_resources/corpora/amt/ww/ww_03_1.txt</document><document title="ww_04_1_2">jsan_resources/corpora/amt/ww/ww_04_1_2.txt</document><document title="ww_05_2">jsan_resources/corpora/amt/ww/ww_05_2.txt</document><document title="ww_06_2">jsan_resources/corpora/amt/ww/ww_06_2.txt</document><document title="ww_07_2">jsan_resources/corpora/amt/ww/ww_07_2.txt</document><document title="ww_08_2">jsan_resources/corpora/amt/ww/ww_08_2.txt</document><document title="ww_09_2">jsan_resources/corpora/amt/ww/ww_09_2.txt</document><document title="ww_10_2_3">jsan_resources/corpora/amt/ww/ww_10_2_3.txt</document><document title="ww_11_3">jsan_resources/corpora/amt/ww/ww_11_3.txt</document><document title="ww_12_3">jsan_resources/corpora/amt/ww/ww_12_3.txt</document><document title="ww_13_3">jsan_resources/corpora/amt/ww/ww_13_3.txt</document><document title="ww_14_3">jsan_resources/corpora/amt/ww/ww_14_3.txt</document><document title="ww_15_3">jsan_resources/corpora/amt/ww/ww_15_3.txt</document></author><author name="d"><document title="d_01_1">jsan_resources/corpora/amt/d/d_01_1.txt</document><document title="d_02_1">jsan_resources/corpora/amt/d/d_02_1.txt</document><document title="d_03_1">jsan_resources/corpora/amt/d/d_03_1.txt</document><document title="d_04_1_2">jsan_resources/corpora/amt/d/d_04_1_2.txt</document><document title="d_05_2">jsan_resources/corpora/amt/d/d_05_2.txt</document><document title="d_06_2">jsan_resources/corpora/amt/d/d_06_2.txt</document><document title="d_07_2">jsan_resources/corpora/amt/d/d_07_2.txt</document><document title="d_08_2_3">jsan_resources/corpora/amt/d/d_08_2_3.txt</document><document title="d_09_3">jsan_resources/corpora/amt/d/d_09_3.txt</document><document title="d_10_3">jsan_resources/corpora/amt/d/d_10_3.txt</document><document title="d_11_3_4">jsan_resources/corpora/amt/d/d_11_3_4.txt</document><document title="d_12_4">jsan_resources/corpora/amt/d/d_12_4.txt</document><document title="d_13_4">jsan_resources/corpora/amt/d/d_13_4.txt</document></author><author name="kk"><document title="kk_01_1">jsan_resources/corpora/amt/kk/kk_01_1.txt</document><document title="kk_02_1">jsan_resources/corpora/amt/kk/kk_02_1.txt</document><document title="kk_03_1">jsan_resources/corpora/amt/kk/kk_03_1.txt</document><document title="kk_04_1_2">jsan_resources/corpora/amt/kk/kk_04_1_2.txt</document><document title="kk_05_2">jsan_resources/corpora/amt/kk/kk_05_2.txt</document><document title="kk_06_2">jsan_resources/corpora/amt/kk/kk_06_2.txt</document><document title="kk_07_2_3">jsan_resources/corpora/amt/kk/kk_07_2_3.txt</document><document title="kk_08_3">jsan_resources/corpora/amt/kk/kk_08_3.txt</document><document title="kk_09_3">jsan_resources/corpora/amt/kk/kk_09_3.txt</document><document title="kk_10_3">jsan_resources/corpora/amt/kk/kk_10_3.txt</document><document title="kk_11_3">jsan_resources/corpora/amt/kk/kk_11_3.txt</document><document title="kk_12_3">jsan_resources/corpora/amt/kk/kk_12_3.txt</document><document title="kk_13_3">jsan_resources/corpora/amt/kk/kk_13_3.txt</document><document title="kk_14_3_4">jsan_resources/corpora/amt/kk/kk_14_3_4.txt</document><document title="kk_15_4">jsan_resources/corpora/amt/kk/kk_15_4.txt</document><document title="kk_16_4">jsan_resources/corpora/amt/kk/kk_16_4.txt</document><document title="kk_17_4">jsan_resources/corpora/amt/kk/kk_17_4.txt</document></author><author name="o"><document title="o_01_1">jsan_resources/corpora/amt/o/o_01_1.txt</document><document title="o_02_1_2">jsan_resources/corpora/amt/o/o_02_1_2.txt</document><document title="o_03_2">jsan_resources/corpora/amt/o/o_03_2.txt</document><document title="o_04_2_3">jsan_resources/corpora/amt/o/o_04_2_3.txt</document><document title="o_05_3_4">jsan_resources/corpora/amt/o/o_05_3_4.txt</document><document title="o_06_4">jsan_resources/corpora/amt/o/o_06_4.txt</document><document title="o_07_4">jsan_resources/corpora/amt/o/o_07_4.txt</document><document title="o_08_4_5">jsan_resources/corpora/amt/o/o_08_4_5.txt</document><document title="o_09_5">jsan_resources/corpora/amt/o/o_09_5.txt</document><document title="o_10_5">jsan_resources/corpora/amt/o/o_10_5.txt</document><document title="o_11_5_6">jsan_resources/corpora/amt/o/o_11_5_6.txt</document><document title="o_12_6_7">jsan_resources/corpora/amt/o/o_12_6_7.txt</document><document title="o_13_7">jsan_resources/corpora/amt/o/o_13_7.txt</document><document title="o_14_7">jsan_resources/corpora/amt/o/o_14_7.txt</document><document title="o_15_7_8">jsan_resources/corpora/amt/o/o_15_7_8.txt</document></author><author name="p"><document title="p_01_1">jsan_resources/corpora/amt/p/p_01_1.txt</document><document title="p_02_1">jsan_resources/corpora/amt/p/p_02_1.txt</document><document title="p_03_1">jsan_resources/corpora/amt/p/p_03_1.txt</document><document title="p_04_1">jsan_resources/corpora/amt/p/p_04_1.txt</document><document title="p_05_1">jsan_resources/corpora/amt/p/p_05_1.txt</document><document title="p_06_1">jsan_resources/corpora/amt/p/p_06_1.txt</document><document title="p_07_1">jsan_resources/corpora/amt/p/p_07_1.txt</document><document title="p_08_1_2">jsan_resources/corpora/amt/p/p_08_1_2.txt</document><document title="p_09_2">jsan_resources/corpora/amt/p/p_09_2.txt</document><document title="p_10_2">jsan_resources/corpora/amt/p/p_10_2.txt</document><document title="p_11_2">jsan_resources/corpora/amt/p/p_11_2.txt</document><document title="p_12_2">jsan_resources/corpora/amt/p/p_12_2.txt</document><document title="p_13_2_3">jsan_resources/corpora/amt/p/p_13_2_3.txt</document><document title="p_14_3">jsan_resources/corpora/amt/p/p_14_3.txt</document><document title="p_15_3">jsan_resources/corpora/amt/p/p_15_3.txt</document><document title="p_16_3">jsan_resources/corpora/amt/p/p_16_3.txt</document><document title="p_17_3">jsan_resources/corpora/amt/p/p_17_3.txt</document><document title="p_18_3">jsan_resources/corpora/amt/p/p_18_3.txt</document><document title="p_19_3">jsan_resources/corpora/amt/p/p_19_3.txt</document><document title="p_20_3">jsan_resources/corpora/amt/p/p_20_3.txt</document></author><author name="ll"><document title="ll_01_1">jsan_resources/corpora/amt/ll/ll_01_1.txt</document><document title="ll_02_1">jsan_resources/corpora/amt/ll/ll_02_1.txt</document><document title="ll_03_1_2">jsan_resources/corpora/amt/ll/ll_03_1_2.txt</document><document title="ll_04_2">jsan_resources/corpora/amt/ll/ll_04_2.txt</document><document title="ll_05_2_3">jsan_resources/corpora/amt/ll/ll_05_2_3.txt</document><document title="ll_06_3">jsan_resources/corpora/amt/ll/ll_06_3.txt</document><document title="ll_07_3">jsan_resources/corpora/amt/ll/ll_07_3.txt</document><document title="ll_08_3">jsan_resources/corpora/amt/ll/ll_08_3.txt</document><document title="ll_09_3_4">jsan_resources/corpora/amt/ll/ll_09_3_4.txt</document><document title="ll_10_4_5">jsan_resources/corpora/amt/ll/ll_10_4_5.txt</document><document title="ll_11_5">jsan_resources/corpora/amt/ll/ll_11_5.txt</document><document title="ll_12_5_6">jsan_resources/corpora/amt/ll/ll_12_5_6.txt</document><document title="ll_13_6">jsan_resources/corpora/amt/ll/ll_13_6.txt</document></author><author name="dd"><document title="dd_01_1">jsan_resources/corpora/amt/dd/dd_01_1.txt</document><document title="dd_02_1">jsan_resources/corpora/amt/dd/dd_02_1.txt</document><document title="dd_03_1">jsan_resources/corpora/amt/dd/dd_03_1.txt</document><document title="dd_04_1">jsan_resources/corpora/amt/dd/dd_04_1.txt</document><document title="dd_05_1_2">jsan_resources/corpora/amt/dd/dd_05_1_2.txt</document><document title="dd_06_2">jsan_resources/corpora/amt/dd/dd_06_2.txt</document><document title="dd_07_2_3">jsan_resources/corpora/amt/dd/dd_07_2_3.txt</document><document title="dd_08_3_4">jsan_resources/corpora/amt/dd/dd_08_3_4.txt</document><document title="dd_09_4">jsan_resources/corpora/amt/dd/dd_09_4.txt</document><document title="dd_10_4_5">jsan_resources/corpora/amt/dd/dd_10_4_5.txt</document><document title="dd_11_5_6">jsan_resources/corpora/amt/dd/dd_11_5_6.txt</document><document title="dd_12_6">jsan_resources/corpora/amt/dd/dd_12_6.txt</document><document title="dd_13_6">jsan_resources/corpora/amt/dd/dd_13_6.txt</document><document title="dd_14_6">jsan_resources/corpora/amt/dd/dd_14_6.txt</document></author><author name="ff"><document title="ff_01_1">jsan_resources/corpora/amt/ff/ff_01_1.txt</document><document title="ff_02_1">jsan_resources/corpora/amt/ff/ff_02_1.txt</document><document title="ff_03_1">jsan_resources/corpora/amt/ff/ff_03_1.txt</document><document title="ff_04_1">jsan_resources/corpora/amt/ff/ff_04_1.txt</document><document title="ff_05_1">jsan_resources/corpora/amt/ff/ff_05_1.txt</document><document title="ff_06_1">jsan_resources/corpora/amt/ff/ff_06_1.txt</document><document title="ff_07_1_2">jsan_resources/corpora/amt/ff/ff_07_1_2.txt</document><document title="ff_08_2">jsan_resources/corpora/amt/ff/ff_08_2.txt</document><document title="ff_09_2">jsan_resources/corpora/amt/ff/ff_09_2.txt</document><document title="ff_10_2">jsan_resources/corpora/amt/ff/ff_10_2.txt</document><document title="ff_11_2">jsan_resources/corpora/amt/ff/ff_11_2.txt</document><document title="ff_12_2">jsan_resources/corpora/amt/ff/ff_12_2.txt</document><document title="ff_13_2">jsan_resources/corpora/amt/ff/ff_13_2.txt</document><document title="ff_14_2">jsan_resources/corpora/amt/ff/ff_14_2.txt</document></author></training></problem-set>