<?xml version="1.0" encoding="UTF-8" standalone="no"?><problem-set><training name="author_detect_15_35"><author name="k"><document title="k_01_1">jsan_resources/corpora/amt/k/k_01_1.txt</document><document title="k_02_1">jsan_resources/corpora/amt/k/k_02_1.txt</document><document title="k_03_1">jsan_resources/corpora/amt/k/k_03_1.txt</document><document title="k_04_1_2">jsan_resources/corpora/amt/k/k_04_1_2.txt</document><document title="k_05_2">jsan_resources/corpora/amt/k/k_05_2.txt</document><document title="k_06_2">jsan_resources/corpora/amt/k/k_06_2.txt</document><document title="k_07_2">jsan_resources/corpora/amt/k/k_07_2.txt</document><document title="k_08_2">jsan_resources/corpora/amt/k/k_08_2.txt</document><document title="k_09_2">jsan_resources/corpora/amt/k/k_09_2.txt</document><document title="k_10_2">jsan_resources/corpora/amt/k/k_10_2.txt</document><document title="k_11_2">jsan_resources/corpora/amt/k/k_11_2.txt</document><document title="k_12_2">jsan_resources/corpora/amt/k/k_12_2.txt</document><document title="k_13_2">jsan_resources/corpora/amt/k/k_13_2.txt</document><document title="k_14_2">jsan_resources/corpora/amt/k/k_14_2.txt</document><document title="k_15_2">jsan_resources/corpora/amt/k/k_15_2.txt</document><document title="k_16_2_3">jsan_resources/corpora/amt/k/k_16_2_3.txt</document><document title="k_17_3">jsan_resources/corpora/amt/k/k_17_3.txt</document><document title="k_18_3">jsan_resources/corpora/amt/k/k_18_3.txt</document><document title="k_19_3">jsan_resources/corpora/amt/k/k_19_3.txt</document></author><author name="u"><document title="u_01_1">jsan_resources/corpora/amt/u/u_01_1.txt</document><document title="u_02_1_2">jsan_resources/corpora/amt/u/u_02_1_2.txt</document><document title="u_03_2">jsan_resources/corpora/amt/u/u_03_2.txt</document><document title="u_04_2">jsan_resources/corpora/amt/u/u_04_2.txt</document><document title="u_05_2">jsan_resources/corpora/amt/u/u_05_2.txt</document><document title="u_06_2">jsan_resources/corpora/amt/u/u_06_2.txt</document><document title="u_07_2_3">jsan_resources/corpora/amt/u/u_07_2_3.txt</document><document title="u_08_3">jsan_resources/corpora/amt/u/u_08_3.txt</document><document title="u_09_3_4">jsan_resources/corpora/amt/u/u_09_3_4.txt</document><document title="u_10_4">jsan_resources/corpora/amt/u/u_10_4.txt</document><document title="u_11_4_5">jsan_resources/corpora/amt/u/u_11_4_5.txt</document><document title="u_12_5">jsan_resources/corpora/amt/u/u_12_5.txt</document><document title="u_13_5">jsan_resources/corpora/amt/u/u_13_5.txt</document><document title="u_14_5_6">jsan_resources/corpora/amt/u/u_14_5_6.txt</document><document title="u_15_6">jsan_resources/corpora/amt/u/u_15_6.txt</document></author><author name="ll"><document title="ll_01_1">jsan_resources/corpora/amt/ll/ll_01_1.txt</document><document title="ll_02_1">jsan_resources/corpora/amt/ll/ll_02_1.txt</document><document title="ll_03_1_2">jsan_resources/corpora/amt/ll/ll_03_1_2.txt</document><document title="ll_04_2">jsan_resources/corpora/amt/ll/ll_04_2.txt</document><document title="ll_05_2_3">jsan_resources/corpora/amt/ll/ll_05_2_3.txt</document><document title="ll_06_3">jsan_resources/corpora/amt/ll/ll_06_3.txt</document><document title="ll_07_3">jsan_resources/corpora/amt/ll/ll_07_3.txt</document><document title="ll_08_3">jsan_resources/corpora/amt/ll/ll_08_3.txt</document><document title="ll_09_3_4">jsan_resources/corpora/amt/ll/ll_09_3_4.txt</document><document title="ll_10_4_5">jsan_resources/corpora/amt/ll/ll_10_4_5.txt</document><document title="ll_11_5">jsan_resources/corpora/amt/ll/ll_11_5.txt</document><document title="ll_12_5_6">jsan_resources/corpora/amt/ll/ll_12_5_6.txt</document><document title="ll_13_6">jsan_resources/corpora/amt/ll/ll_13_6.txt</document></author><author name="b"><document title="b_01_1">jsan_resources/corpora/amt/b/b_01_1.txt</document><document title="b_02_1">jsan_resources/corpora/amt/b/b_02_1.txt</document><document title="b_03_1_2">jsan_resources/corpora/amt/b/b_03_1_2.txt</document><document title="b_04_2">jsan_resources/corpora/amt/b/b_04_2.txt</document><document title="b_05_2">jsan_resources/corpora/amt/b/b_05_2.txt</document><document title="b_06_2">jsan_resources/corpora/amt/b/b_06_2.txt</document><document title="b_07_2">jsan_resources/corpora/amt/b/b_07_2.txt</document><document title="b_08_2">jsan_resources/corpora/amt/b/b_08_2.txt</document><document title="b_09_2_3">jsan_resources/corpora/amt/b/b_09_2_3.txt</document><document title="b_10_3_4">jsan_resources/corpora/amt/b/b_10_3_4.txt</document><document title="b_11_4">jsan_resources/corpora/amt/b/b_11_4.txt</document><document title="b_12_4">jsan_resources/corpora/amt/b/b_12_4.txt</document><document title="b_13_4">jsan_resources/corpora/amt/b/b_13_4.txt</document><document title="b_14_4">jsan_resources/corpora/amt/b/b_14_4.txt</document><document title="b_15_4">jsan_resources/corpora/amt/b/b_15_4.txt</document><document title="b_16_4">jsan_resources/corpora/amt/b/b_16_4.txt</document><document title="b_17_4">jsan_resources/corpora/amt/b/b_17_4.txt</document></author><author name="bb"><document title="bb_01_1">jsan_resources/corpora/amt/bb/bb_01_1.txt</document><document title="bb_02_1">jsan_resources/corpora/amt/bb/bb_02_1.txt</document><document title="bb_03_1_2">jsan_resources/corpora/amt/bb/bb_03_1_2.txt</document><document title="bb_04_2">jsan_resources/corpora/amt/bb/bb_04_2.txt</document><document title="bb_05_2">jsan_resources/corpora/amt/bb/bb_05_2.txt</document><document title="bb_06_2">jsan_resources/corpora/amt/bb/bb_06_2.txt</document><document title="bb_07_2">jsan_resources/corpora/amt/bb/bb_07_2.txt</document><document title="bb_08_2">jsan_resources/corpora/amt/bb/bb_08_2.txt</document><document title="bb_09_2">jsan_resources/corpora/amt/bb/bb_09_2.txt</document><document title="bb_10_2_3">jsan_resources/corpora/amt/bb/bb_10_2_3.txt</document><document title="bb_11_3">jsan_resources/corpora/amt/bb/bb_11_3.txt</document><document title="bb_12_3_4">jsan_resources/corpora/amt/bb/bb_12_3_4.txt</document><document title="bb_13_4">jsan_resources/corpora/amt/bb/bb_13_4.txt</document><document title="bb_14_4">jsan_resources/corpora/amt/bb/bb_14_4.txt</document><document title="bb_15_4_5">jsan_resources/corpora/amt/bb/bb_15_4_5.txt</document><document title="bb_16_5">jsan_resources/corpora/amt/bb/bb_16_5.txt</document><document title="bb_17_5">jsan_resources/corpora/amt/bb/bb_17_5.txt</document><document title="bb_18_5_6">jsan_resources/corpora/amt/bb/bb_18_5_6.txt</document><document title="bb_19_6">jsan_resources/corpora/amt/bb/bb_19_6.txt</document></author><author name="w"><document title="w_01_1">jsan_resources/corpora/amt/w/w_01_1.txt</document><document title="w_02_1">jsan_resources/corpora/amt/w/w_02_1.txt</document><document title="w_03_1_2">jsan_resources/corpora/amt/w/w_03_1_2.txt</document><document title="w_04_2">jsan_resources/corpora/amt/w/w_04_2.txt</document><document title="w_05_2">jsan_resources/corpora/amt/w/w_05_2.txt</document><document title="w_06_2">jsan_resources/corpora/amt/w/w_06_2.txt</document><document title="w_07_2">jsan_resources/corpora/amt/w/w_07_2.txt</document><document title="w_08_2">jsan_resources/corpora/amt/w/w_08_2.txt</document><document title="w_09_2">jsan_resources/corpora/amt/w/w_09_2.txt</document><document title="w_10_2_3">jsan_resources/corpora/amt/w/w_10_2_3.txt</document><document title="w_11_3_4">jsan_resources/corpora/amt/w/w_11_3_4.txt</document><document title="w_12_4">jsan_resources/corpora/amt/w/w_12_4.txt</document><document title="w_13_4_5">jsan_resources/corpora/amt/w/w_13_4_5.txt</document><document title="w_14_5">jsan_resources/corpora/amt/w/w_14_5.txt</document></author><author name="s"><document title="s_01_1">jsan_resources/corpora/amt/s/s_01_1.txt</document><document title="s_02_1">jsan_resources/corpora/amt/s/s_02_1.txt</document><document title="s_03_1">jsan_resources/corpora/amt/s/s_03_1.txt</document><document title="s_04_1">jsan_resources/corpora/amt/s/s_04_1.txt</document><document title="s_05_1">jsan_resources/corpora/amt/s/s_05_1.txt</document><document title="s_06_1">jsan_resources/corpora/amt/s/s_06_1.txt</document><document title="s_07_1_2">jsan_resources/corpora/amt/s/s_07_1_2.txt</document><document title="s_08_2_3">jsan_resources/corpora/amt/s/s_08_2_3.txt</document><document title="s_09_3">jsan_resources/corpora/amt/s/s_09_3.txt</document><document title="s_10_3_4">jsan_resources/corpora/amt/s/s_10_3_4.txt</document><document title="s_11_4">jsan_resources/corpora/amt/s/s_11_4.txt</document><document title="s_12_4">jsan_resources/corpora/amt/s/s_12_4.txt</document><document title="s_13_4_5">jsan_resources/corpora/amt/s/s_13_4_5.txt</document><document title="s_14_5">jsan_resources/corpora/amt/s/s_14_5.txt</document></author><author name="hh"><document title="hh_01_1">jsan_resources/corpora/amt/hh/hh_01_1.txt</document><document title="hh_02_1_2">jsan_resources/corpora/amt/hh/hh_02_1_2.txt</document><document title="hh_03_2">jsan_resources/corpora/amt/hh/hh_03_2.txt</document><document title="hh_04_2">jsan_resources/corpora/amt/hh/hh_04_2.txt</document><document title="hh_05_2">jsan_resources/corpora/amt/hh/hh_05_2.txt</document><document title="hh_06_2">jsan_resources/corpora/amt/hh/hh_06_2.txt</document><document title="hh_07_2_3">jsan_resources/corpora/amt/hh/hh_07_2_3.txt</document><document title="hh_08_3">jsan_resources/corpora/amt/hh/hh_08_3.txt</document><document title="hh_09_3_4">jsan_resources/corpora/amt/hh/hh_09_3_4.txt</document><document title="hh_10_4">jsan_resources/corpora/amt/hh/hh_10_4.txt</document><document title="hh_11_4_5">jsan_resources/corpora/amt/hh/hh_11_4_5.txt</document><document title="hh_12_5">jsan_resources/corpora/amt/hh/hh_12_5.txt</document><document title="hh_13_5">jsan_resources/corpora/amt/hh/hh_13_5.txt</document><document title="hh_14_5">jsan_resources/corpora/amt/hh/hh_14_5.txt</document><document title="hh_15_5_6">jsan_resources/corpora/amt/hh/hh_15_5_6.txt</document><document title="hh_16_6">jsan_resources/corpora/amt/hh/hh_16_6.txt</document><document title="hh_17_6">jsan_resources/corpora/amt/hh/hh_17_6.txt</document><document title="hh_18_6">jsan_resources/corpora/amt/hh/hh_18_6.txt</document><document title="hh_19_6">jsan_resources/corpora/amt/hh/hh_19_6.txt</document><document title="hh_20_6">jsan_resources/corpora/amt/hh/hh_20_6.txt</document></author><author name="z"><document title="z_01_1">jsan_resources/corpora/amt/z/z_01_1.txt</document><document title="z_02_1_2">jsan_resources/corpora/amt/z/z_02_1_2.txt</document><document title="z_03_2">jsan_resources/corpora/amt/z/z_03_2.txt</document><document title="z_04_2">jsan_resources/corpora/amt/z/z_04_2.txt</document><document title="z_05_2">jsan_resources/corpora/amt/z/z_05_2.txt</document><document title="z_06_2">jsan_resources/corpora/amt/z/z_06_2.txt</document><document title="z_07_2_3">jsan_resources/corpora/amt/z/z_07_2_3.txt</document><document title="z_08_3">jsan_resources/corpora/amt/z/z_08_3.txt</document><document title="z_09_3">jsan_resources/corpora/amt/z/z_09_3.txt</document><document title="z_10_3">jsan_resources/corpora/amt/z/z_10_3.txt</document><document title="z_11_3">jsan_resources/corpora/amt/z/z_11_3.txt</document><document title="z_12_3">jsan_resources/corpora/amt/z/z_12_3.txt</document><document title="z_13_3_4">jsan_resources/corpora/amt/z/z_13_3_4.txt</document></author><author name="gg"><document title="gg_01_1">jsan_resources/corpora/amt/gg/gg_01_1.txt</document><document title="gg_02_1">jsan_resources/corpora/amt/gg/gg_02_1.txt</document><document title="gg_03_1">jsan_resources/corpora/amt/gg/gg_03_1.txt</document><document title="gg_04_1_2">jsan_resources/corpora/amt/gg/gg_04_1_2.txt</document><document title="gg_05_2">jsan_resources/corpora/amt/gg/gg_05_2.txt</document><document title="gg_06_2">jsan_resources/corpora/amt/gg/gg_06_2.txt</document><document title="gg_07_2">jsan_resources/corpora/amt/gg/gg_07_2.txt</document><document title="gg_08_2">jsan_resources/corpora/amt/gg/gg_08_2.txt</document><document title="gg_09_2_3">jsan_resources/corpora/amt/gg/gg_09_2_3.txt</document><document title="gg_10_3_4">jsan_resources/corpora/amt/gg/gg_10_3_4.txt</document><document title="gg_11_4_5">jsan_resources/corpora/amt/gg/gg_11_4_5.txt</document><document title="gg_12_5_6">jsan_resources/corpora/amt/gg/gg_12_5_6.txt</document><document title="gg_13_6">jsan_resources/corpora/amt/gg/gg_13_6.txt</document><document title="gg_14_6">jsan_resources/corpora/amt/gg/gg_14_6.txt</document></author><author name="qq"><document title="qq_01_1">jsan_resources/corpora/amt/qq/qq_01_1.txt</document><document title="qq_02_1">jsan_resources/corpora/amt/qq/qq_02_1.txt</document><document title="qq_03_1">jsan_resources/corpora/amt/qq/qq_03_1.txt</document><document title="qq_04_1">jsan_resources/corpora/amt/qq/qq_04_1.txt</document><document title="qq_05_1">jsan_resources/corpora/amt/qq/qq_05_1.txt</document><document title="qq_06_1_2">jsan_resources/corpora/amt/qq/qq_06_1_2.txt</document><document title="qq_07_2">jsan_resources/corpora/amt/qq/qq_07_2.txt</document><document title="qq_08_2">jsan_resources/corpora/amt/qq/qq_08_2.txt</document><document title="qq_09_2">jsan_resources/corpora/amt/qq/qq_09_2.txt</document><document title="qq_10_2">jsan_resources/corpora/amt/qq/qq_10_2.txt</document><document title="qq_11_2">jsan_resources/corpora/amt/qq/qq_11_2.txt</document><document title="qq_12_2">jsan_resources/corpora/amt/qq/qq_12_2.txt</document><document title="qq_13_2">jsan_resources/corpora/amt/qq/qq_13_2.txt</document><document title="qq_14_2">jsan_resources/corpora/amt/qq/qq_14_2.txt</document><document title="qq_15_2">jsan_resources/corpora/amt/qq/qq_15_2.txt</document><document title="qq_16_2">jsan_resources/corpora/amt/qq/qq_16_2.txt</document><document title="qq_17_2">jsan_resources/corpora/amt/qq/qq_17_2.txt</document><document title="qq_18_2">jsan_resources/corpora/amt/qq/qq_18_2.txt</document><document title="qq_19_2">jsan_resources/corpora/amt/qq/qq_19_2.txt</document><document title="qq_20_2">jsan_resources/corpora/amt/qq/qq_20_2.txt</document><document title="qq_21_2">jsan_resources/corpora/amt/qq/qq_21_2.txt</document><document title="qq_22_2">jsan_resources/corpora/amt/qq/qq_22_2.txt</document><document title="qq_23_2">jsan_resources/corpora/amt/qq/qq_23_2.txt</document></author><author name="h"><document title="h_01_1">jsan_resources/corpora/amt/h/h_01_1.txt</document><document title="h_02_1">jsan_resources/corpora/amt/h/h_02_1.txt</document><document title="h_03_1">jsan_resources/corpora/amt/h/h_03_1.txt</document><document title="h_04_1">jsan_resources/corpora/amt/h/h_04_1.txt</document><document title="h_05_1">jsan_resources/corpora/amt/h/h_05_1.txt</document><document title="h_06_1">jsan_resources/corpora/amt/h/h_06_1.txt</document><document title="h_07_1">jsan_resources/corpora/amt/h/h_07_1.txt</document><document title="h_08_1_2">jsan_resources/corpora/amt/h/h_08_1_2.txt</document><document title="h_09_2">jsan_resources/corpora/amt/h/h_09_2.txt</document><document title="h_10_2">jsan_resources/corpora/amt/h/h_10_2.txt</document><document title="h_11_2">jsan_resources/corpora/amt/h/h_11_2.txt</document><document title="h_12_2">jsan_resources/corpora/amt/h/h_12_2.txt</document><document title="h_13_2">jsan_resources/corpora/amt/h/h_13_2.txt</document><document title="h_14_2">jsan_resources/corpora/amt/h/h_14_2.txt</document><document title="h_15_2">jsan_resources/corpora/amt/h/h_15_2.txt</document><document title="h_16_2">jsan_resources/corpora/amt/h/h_16_2.txt</document><document title="h_17_2">jsan_resources/corpora/amt/h/h_17_2.txt</document><document title="h_18_2">jsan_resources/corpora/amt/h/h_18_2.txt</document></author><author name="f"><document title="f_01_1">jsan_resources/corpora/amt/f/f_01_1.txt</document><document title="f_02_1">jsan_resources/corpora/amt/f/f_02_1.txt</document><document title="f_03_1_2">jsan_resources/corpora/amt/f/f_03_1_2.txt</document><document title="f_04_2">jsan_resources/corpora/amt/f/f_04_2.txt</document><document title="f_05_2">jsan_resources/corpora/amt/f/f_05_2.txt</document><document title="f_06_2">jsan_resources/corpora/amt/f/f_06_2.txt</document><document title="f_07_2">jsan_resources/corpora/amt/f/f_07_2.txt</document><document title="f_08_2">jsan_resources/corpora/amt/f/f_08_2.txt</document><document title="f_09_2">jsan_resources/corpora/amt/f/f_09_2.txt</document><document title="f_10_2_3">jsan_resources/corpora/amt/f/f_10_2_3.txt</document><document title="f_11_3">jsan_resources/corpora/amt/f/f_11_3.txt</document><document title="f_12_3">jsan_resources/corpora/amt/f/f_12_3.txt</document><document title="f_13_3">jsan_resources/corpora/amt/f/f_13_3.txt</document><document title="f_14_3">jsan_resources/corpora/amt/f/f_14_3.txt</document><document title="f_15_3">jsan_resources/corpora/amt/f/f_15_3.txt</document><document title="f_16_3">jsan_resources/corpora/amt/f/f_16_3.txt</document><document title="f_17_3">jsan_resources/corpora/amt/f/f_17_3.txt</document></author><author name="uu"><document title="uu_01_1">jsan_resources/corpora/amt/uu/uu_01_1.txt</document><document title="uu_02_1">jsan_resources/corpora/amt/uu/uu_02_1.txt</document><document title="uu_03_1">jsan_resources/corpora/amt/uu/uu_03_1.txt</document><document title="uu_04_1">jsan_resources/corpora/amt/uu/uu_04_1.txt</document><document title="uu_05_1">jsan_resources/corpora/amt/uu/uu_05_1.txt</document><document title="uu_06_1">jsan_resources/corpora/amt/uu/uu_06_1.txt</document><document title="uu_07_1_2">jsan_resources/corpora/amt/uu/uu_07_1_2.txt</document><document title="uu_08_2">jsan_resources/corpora/amt/uu/uu_08_2.txt</document><document title="uu_09_2_3">jsan_resources/corpora/amt/uu/uu_09_2_3.txt</document><document title="uu_10_3">jsan_resources/corpora/amt/uu/uu_10_3.txt</document><document title="uu_11_3">jsan_resources/corpora/amt/uu/uu_11_3.txt</document><document title="uu_12_3_4">jsan_resources/corpora/amt/uu/uu_12_3_4.txt</document><document title="uu_13_4">jsan_resources/corpora/amt/uu/uu_13_4.txt</document><document title="uu_14_4_5">jsan_resources/corpora/amt/uu/uu_14_4_5.txt</document><document title="uu_15_5">jsan_resources/corpora/amt/uu/uu_15_5.txt</document><document title="uu_16_5">jsan_resources/corpora/amt/uu/uu_16_5.txt</document><document title="uu_17_5_6">jsan_resources/corpora/amt/uu/uu_17_5_6.txt</document><document title="uu_18_6">jsan_resources/corpora/amt/uu/uu_18_6.txt</document></author><author name="c"><document title="c_01_1">jsan_resources/corpora/amt/c/c_01_1.txt</document><document title="c_02_1">jsan_resources/corpora/amt/c/c_02_1.txt</document><document title="c_03_1">jsan_resources/corpora/amt/c/c_03_1.txt</document><document title="c_04_1">jsan_resources/corpora/amt/c/c_04_1.txt</document><document title="c_05_1">jsan_resources/corpora/amt/c/c_05_1.txt</document><document title="c_06_1">jsan_resources/corpora/amt/c/c_06_1.txt</document><document title="c_07_1">jsan_resources/corpora/amt/c/c_07_1.txt</document><document title="c_08_1">jsan_resources/corpora/amt/c/c_08_1.txt</document><document title="c_09_1">jsan_resources/corpora/amt/c/c_09_1.txt</document><document title="c_10_1">jsan_resources/corpora/amt/c/c_10_1.txt</document><document title="c_11_1">jsan_resources/corpora/amt/c/c_11_1.txt</document><document title="c_12_1_2">jsan_resources/corpora/amt/c/c_12_1_2.txt</document><document title="c_13_2">jsan_resources/corpora/amt/c/c_13_2.txt</document><document title="c_14_2">jsan_resources/corpora/amt/c/c_14_2.txt</document><document title="c_15_2">jsan_resources/corpora/amt/c/c_15_2.txt</document><document title="c_16_2">jsan_resources/corpora/amt/c/c_16_2.txt</document><document title="c_17_2">jsan_resources/corpora/amt/c/c_17_2.txt</document><document title="c_18_2">jsan_resources/corpora/amt/c/c_18_2.txt</document></author></training></problem-set>