<?xml version="1.0" encoding="UTF-8" standalone="no"?><problem-set><training name="author_detect_10_34"><author name="rr"><document title="rr_01_1">jsan_resources/corpora/amt/rr/rr_01_1.txt</document><document title="rr_02_1">jsan_resources/corpora/amt/rr/rr_02_1.txt</document><document title="rr_03_1_2">jsan_resources/corpora/amt/rr/rr_03_1_2.txt</document><document title="rr_04_2">jsan_resources/corpora/amt/rr/rr_04_2.txt</document><document title="rr_05_2">jsan_resources/corpora/amt/rr/rr_05_2.txt</document><document title="rr_06_2">jsan_resources/corpora/amt/rr/rr_06_2.txt</document><document title="rr_07_2_3">jsan_resources/corpora/amt/rr/rr_07_2_3.txt</document><document title="rr_08_3">jsan_resources/corpora/amt/rr/rr_08_3.txt</document><document title="rr_09_3">jsan_resources/corpora/amt/rr/rr_09_3.txt</document><document title="rr_10_3">jsan_resources/corpora/amt/rr/rr_10_3.txt</document><document title="rr_11_3">jsan_resources/corpora/amt/rr/rr_11_3.txt</document><document title="rr_12_3_4">jsan_resources/corpora/amt/rr/rr_12_3_4.txt</document><document title="rr_13_4">jsan_resources/corpora/amt/rr/rr_13_4.txt</document><document title="rr_14_4">jsan_resources/corpora/amt/rr/rr_14_4.txt</document></author><author name="hh"><document title="hh_01_1">jsan_resources/corpora/amt/hh/hh_01_1.txt</document><document title="hh_02_1_2">jsan_resources/corpora/amt/hh/hh_02_1_2.txt</document><document title="hh_03_2">jsan_resources/corpora/amt/hh/hh_03_2.txt</document><document title="hh_04_2">jsan_resources/corpora/amt/hh/hh_04_2.txt</document><document title="hh_05_2">jsan_resources/corpora/amt/hh/hh_05_2.txt</document><document title="hh_06_2">jsan_resources/corpora/amt/hh/hh_06_2.txt</document><document title="hh_07_2_3">jsan_resources/corpora/amt/hh/hh_07_2_3.txt</document><document title="hh_08_3">jsan_resources/corpora/amt/hh/hh_08_3.txt</document><document title="hh_09_3_4">jsan_resources/corpora/amt/hh/hh_09_3_4.txt</document><document title="hh_10_4">jsan_resources/corpora/amt/hh/hh_10_4.txt</document><document title="hh_11_4_5">jsan_resources/corpora/amt/hh/hh_11_4_5.txt</document><document title="hh_12_5">jsan_resources/corpora/amt/hh/hh_12_5.txt</document><document title="hh_13_5">jsan_resources/corpora/amt/hh/hh_13_5.txt</document><document title="hh_14_5">jsan_resources/corpora/amt/hh/hh_14_5.txt</document><document title="hh_15_5_6">jsan_resources/corpora/amt/hh/hh_15_5_6.txt</document><document title="hh_16_6">jsan_resources/corpora/amt/hh/hh_16_6.txt</document><document title="hh_17_6">jsan_resources/corpora/amt/hh/hh_17_6.txt</document><document title="hh_18_6">jsan_resources/corpora/amt/hh/hh_18_6.txt</document><document title="hh_19_6">jsan_resources/corpora/amt/hh/hh_19_6.txt</document><document title="hh_20_6">jsan_resources/corpora/amt/hh/hh_20_6.txt</document></author><author name="e"><document title="e_01_1">jsan_resources/corpora/amt/e/e_01_1.txt</document><document title="e_02_1">jsan_resources/corpora/amt/e/e_02_1.txt</document><document title="e_03_1_2">jsan_resources/corpora/amt/e/e_03_1_2.txt</document><document title="e_04_2">jsan_resources/corpora/amt/e/e_04_2.txt</document><document title="e_05_2">jsan_resources/corpora/amt/e/e_05_2.txt</document><document title="e_06_2">jsan_resources/corpora/amt/e/e_06_2.txt</document><document title="e_07_2">jsan_resources/corpora/amt/e/e_07_2.txt</document><document title="e_08_2_3">jsan_resources/corpora/amt/e/e_08_2_3.txt</document><document title="e_09_3">jsan_resources/corpora/amt/e/e_09_3.txt</document><document title="e_10_3">jsan_resources/corpora/amt/e/e_10_3.txt</document><document title="e_11_3">jsan_resources/corpora/amt/e/e_11_3.txt</document><document title="e_12_3">jsan_resources/corpora/amt/e/e_12_3.txt</document><document title="e_13_3_4">jsan_resources/corpora/amt/e/e_13_3_4.txt</document><document title="e_14_4">jsan_resources/corpora/amt/e/e_14_4.txt</document><document title="e_15_4">jsan_resources/corpora/amt/e/e_15_4.txt</document><document title="e_16_4">jsan_resources/corpora/amt/e/e_16_4.txt</document></author><author name="k"><document title="k_01_1">jsan_resources/corpora/amt/k/k_01_1.txt</document><document title="k_02_1">jsan_resources/corpora/amt/k/k_02_1.txt</document><document title="k_03_1">jsan_resources/corpora/amt/k/k_03_1.txt</document><document title="k_04_1_2">jsan_resources/corpora/amt/k/k_04_1_2.txt</document><document title="k_05_2">jsan_resources/corpora/amt/k/k_05_2.txt</document><document title="k_06_2">jsan_resources/corpora/amt/k/k_06_2.txt</document><document title="k_07_2">jsan_resources/corpora/amt/k/k_07_2.txt</document><document title="k_08_2">jsan_resources/corpora/amt/k/k_08_2.txt</document><document title="k_09_2">jsan_resources/corpora/amt/k/k_09_2.txt</document><document title="k_10_2">jsan_resources/corpora/amt/k/k_10_2.txt</document><document title="k_11_2">jsan_resources/corpora/amt/k/k_11_2.txt</document><document title="k_12_2">jsan_resources/corpora/amt/k/k_12_2.txt</document><document title="k_13_2">jsan_resources/corpora/amt/k/k_13_2.txt</document><document title="k_14_2">jsan_resources/corpora/amt/k/k_14_2.txt</document><document title="k_15_2">jsan_resources/corpora/amt/k/k_15_2.txt</document><document title="k_16_2_3">jsan_resources/corpora/amt/k/k_16_2_3.txt</document><document title="k_17_3">jsan_resources/corpora/amt/k/k_17_3.txt</document><document title="k_18_3">jsan_resources/corpora/amt/k/k_18_3.txt</document><document title="k_19_3">jsan_resources/corpora/amt/k/k_19_3.txt</document></author><author name="ii"><document title="ii_01_1">jsan_resources/corpora/amt/ii/ii_01_1.txt</document><document title="ii_02_1">jsan_resources/corpora/amt/ii/ii_02_1.txt</document><document title="ii_03_1_2">jsan_resources/corpora/amt/ii/ii_03_1_2.txt</document><document title="ii_04_2_3">jsan_resources/corpora/amt/ii/ii_04_2_3.txt</document><document title="ii_05_3">jsan_resources/corpora/amt/ii/ii_05_3.txt</document><document title="ii_06_3">jsan_resources/corpora/amt/ii/ii_06_3.txt</document><document title="ii_07_3_4">jsan_resources/corpora/amt/ii/ii_07_3_4.txt</document><document title="ii_08_4">jsan_resources/corpora/amt/ii/ii_08_4.txt</document><document title="ii_09_4_5">jsan_resources/corpora/amt/ii/ii_09_4_5.txt</document><document title="ii_10_5">jsan_resources/corpora/amt/ii/ii_10_5.txt</document><document title="ii_11_5">jsan_resources/corpora/amt/ii/ii_11_5.txt</document><document title="ii_12_5_6">jsan_resources/corpora/amt/ii/ii_12_5_6.txt</document><document title="ii_13_6">jsan_resources/corpora/amt/ii/ii_13_6.txt</document><document title="ii_14_6">jsan_resources/corpora/amt/ii/ii_14_6.txt</document></author><author name="s"><document title="s_01_1">jsan_resources/corpora/amt/s/s_01_1.txt</document><document title="s_02_1">jsan_resources/corpora/amt/s/s_02_1.txt</document><document title="s_03_1">jsan_resources/corpora/amt/s/s_03_1.txt</document><document title="s_04_1">jsan_resources/corpora/amt/s/s_04_1.txt</document><document title="s_05_1">jsan_resources/corpora/amt/s/s_05_1.txt</document><document title="s_06_1">jsan_resources/corpora/amt/s/s_06_1.txt</document><document title="s_07_1_2">jsan_resources/corpora/amt/s/s_07_1_2.txt</document><document title="s_08_2_3">jsan_resources/corpora/amt/s/s_08_2_3.txt</document><document title="s_09_3">jsan_resources/corpora/amt/s/s_09_3.txt</document><document title="s_10_3_4">jsan_resources/corpora/amt/s/s_10_3_4.txt</document><document title="s_11_4">jsan_resources/corpora/amt/s/s_11_4.txt</document><document title="s_12_4">jsan_resources/corpora/amt/s/s_12_4.txt</document><document title="s_13_4_5">jsan_resources/corpora/amt/s/s_13_4_5.txt</document><document title="s_14_5">jsan_resources/corpora/amt/s/s_14_5.txt</document></author><author name="j"><document title="j_01_1">jsan_resources/corpora/amt/j/j_01_1.txt</document><document title="j_02_1_2">jsan_resources/corpora/amt/j/j_02_1_2.txt</document><document title="j_03_2">jsan_resources/corpora/amt/j/j_03_2.txt</document><document title="j_04_2_3">jsan_resources/corpora/amt/j/j_04_2_3.txt</document><document title="j_05_3">jsan_resources/corpora/amt/j/j_05_3.txt</document><document title="j_06_3_4">jsan_resources/corpora/amt/j/j_06_3_4.txt</document><document title="j_07_4">jsan_resources/corpora/amt/j/j_07_4.txt</document><document title="j_08_4">jsan_resources/corpora/amt/j/j_08_4.txt</document><document title="j_09_4">jsan_resources/corpora/amt/j/j_09_4.txt</document><document title="j_10_4">jsan_resources/corpora/amt/j/j_10_4.txt</document><document title="j_11_4">jsan_resources/corpora/amt/j/j_11_4.txt</document><document title="j_12_4">jsan_resources/corpora/amt/j/j_12_4.txt</document><document title="j_13_4">jsan_resources/corpora/amt/j/j_13_4.txt</document><document title="j_14_4_5">jsan_resources/corpora/amt/j/j_14_4_5.txt</document><document title="j_15_5_6">jsan_resources/corpora/amt/j/j_15_5_6.txt</document></author><author name="n"><document title="n_01_1">jsan_resources/corpora/amt/n/n_01_1.txt</document><document title="n_02_1_2">jsan_resources/corpora/amt/n/n_02_1_2.txt</document><document title="n_03_2">jsan_resources/corpora/amt/n/n_03_2.txt</document><document title="n_04_2_3">jsan_resources/corpora/amt/n/n_04_2_3.txt</document><document title="n_05_3">jsan_resources/corpora/amt/n/n_05_3.txt</document><document title="n_06_3_4">jsan_resources/corpora/amt/n/n_06_3_4.txt</document><document title="n_07_4">jsan_resources/corpora/amt/n/n_07_4.txt</document><document title="n_08_4">jsan_resources/corpora/amt/n/n_08_4.txt</document><document title="n_09_4">jsan_resources/corpora/amt/n/n_09_4.txt</document><document title="n_10_4">jsan_resources/corpora/amt/n/n_10_4.txt</document><document title="n_11_4_5">jsan_resources/corpora/amt/n/n_11_4_5.txt</document><document title="n_12_5_6">jsan_resources/corpora/amt/n/n_12_5_6.txt</document><document title="n_13_6">jsan_resources/corpora/amt/n/n_13_6.txt</document></author><author name="uu"><document title="uu_01_1">jsan_resources/corpora/amt/uu/uu_01_1.txt</document><document title="uu_02_1">jsan_resources/corpora/amt/uu/uu_02_1.txt</document><document title="uu_03_1">jsan_resources/corpora/amt/uu/uu_03_1.txt</document><document title="uu_04_1">jsan_resources/corpora/amt/uu/uu_04_1.txt</document><document title="uu_05_1">jsan_resources/corpora/amt/uu/uu_05_1.txt</document><document title="uu_06_1">jsan_resources/corpora/amt/uu/uu_06_1.txt</document><document title="uu_07_1_2">jsan_resources/corpora/amt/uu/uu_07_1_2.txt</document><document title="uu_08_2">jsan_resources/corpora/amt/uu/uu_08_2.txt</document><document title="uu_09_2_3">jsan_resources/corpora/amt/uu/uu_09_2_3.txt</document><document title="uu_10_3">jsan_resources/corpora/amt/uu/uu_10_3.txt</document><document title="uu_11_3">jsan_resources/corpora/amt/uu/uu_11_3.txt</document><document title="uu_12_3_4">jsan_resources/corpora/amt/uu/uu_12_3_4.txt</document><document title="uu_13_4">jsan_resources/corpora/amt/uu/uu_13_4.txt</document><document title="uu_14_4_5">jsan_resources/corpora/amt/uu/uu_14_4_5.txt</document><document title="uu_15_5">jsan_resources/corpora/amt/uu/uu_15_5.txt</document><document title="uu_16_5">jsan_resources/corpora/amt/uu/uu_16_5.txt</document><document title="uu_17_5_6">jsan_resources/corpora/amt/uu/uu_17_5_6.txt</document><document title="uu_18_6">jsan_resources/corpora/amt/uu/uu_18_6.txt</document></author><author name="t"><document title="t_01_1">jsan_resources/corpora/amt/t/t_01_1.txt</document><document title="t_02_1">jsan_resources/corpora/amt/t/t_02_1.txt</document><document title="t_03_1_2">jsan_resources/corpora/amt/t/t_03_1_2.txt</document><document title="t_04_2">jsan_resources/corpora/amt/t/t_04_2.txt</document><document title="t_05_2">jsan_resources/corpora/amt/t/t_05_2.txt</document><document title="t_06_2_3">jsan_resources/corpora/amt/t/t_06_2_3.txt</document><document title="t_07_3">jsan_resources/corpora/amt/t/t_07_3.txt</document><document title="t_08_3">jsan_resources/corpora/amt/t/t_08_3.txt</document><document title="t_09_3_4">jsan_resources/corpora/amt/t/t_09_3_4.txt</document><document title="t_10_4">jsan_resources/corpora/amt/t/t_10_4.txt</document><document title="t_11_4">jsan_resources/corpora/amt/t/t_11_4.txt</document><document title="t_12_4">jsan_resources/corpora/amt/t/t_12_4.txt</document><document title="t_13_4">jsan_resources/corpora/amt/t/t_13_4.txt</document></author></training></problem-set>