<?xml version="1.0" encoding="UTF-8" standalone="no"?><problem-set><training name="author_detect_20_12"><author name="e"><document title="e_01_1">jsan_resources/corpora/amt/e/e_01_1.txt</document><document title="e_02_1">jsan_resources/corpora/amt/e/e_02_1.txt</document><document title="e_03_1_2">jsan_resources/corpora/amt/e/e_03_1_2.txt</document><document title="e_04_2">jsan_resources/corpora/amt/e/e_04_2.txt</document><document title="e_05_2">jsan_resources/corpora/amt/e/e_05_2.txt</document><document title="e_06_2">jsan_resources/corpora/amt/e/e_06_2.txt</document><document title="e_07_2">jsan_resources/corpora/amt/e/e_07_2.txt</document><document title="e_08_2_3">jsan_resources/corpora/amt/e/e_08_2_3.txt</document><document title="e_09_3">jsan_resources/corpora/amt/e/e_09_3.txt</document><document title="e_10_3">jsan_resources/corpora/amt/e/e_10_3.txt</document><document title="e_11_3">jsan_resources/corpora/amt/e/e_11_3.txt</document><document title="e_12_3">jsan_resources/corpora/amt/e/e_12_3.txt</document><document title="e_13_3_4">jsan_resources/corpora/amt/e/e_13_3_4.txt</document><document title="e_14_4">jsan_resources/corpora/amt/e/e_14_4.txt</document><document title="e_15_4">jsan_resources/corpora/amt/e/e_15_4.txt</document><document title="e_16_4">jsan_resources/corpora/amt/e/e_16_4.txt</document></author><author name="i"><document title="i_01_1">jsan_resources/corpora/amt/i/i_01_1.txt</document><document title="i_02_1_2">jsan_resources/corpora/amt/i/i_02_1_2.txt</document><document title="i_03_2">jsan_resources/corpora/amt/i/i_03_2.txt</document><document title="i_04_2_3">jsan_resources/corpora/amt/i/i_04_2_3.txt</document><document title="i_05_3">jsan_resources/corpora/amt/i/i_05_3.txt</document><document title="i_06_3">jsan_resources/corpora/amt/i/i_06_3.txt</document><document title="i_07_3">jsan_resources/corpora/amt/i/i_07_3.txt</document><document title="i_08_3">jsan_resources/corpora/amt/i/i_08_3.txt</document><document title="i_09_3_4">jsan_resources/corpora/amt/i/i_09_3_4.txt</document><document title="i_10_4">jsan_resources/corpora/amt/i/i_10_4.txt</document><document title="i_11_4">jsan_resources/corpora/amt/i/i_11_4.txt</document><document title="i_12_4_5">jsan_resources/corpora/amt/i/i_12_4_5.txt</document><document title="i_13_5_6">jsan_resources/corpora/amt/i/i_13_5_6.txt</document><document title="i_14_6">jsan_resources/corpora/amt/i/i_14_6.txt</document></author><author name="hh"><document title="hh_01_1">jsan_resources/corpora/amt/hh/hh_01_1.txt</document><document title="hh_02_1_2">jsan_resources/corpora/amt/hh/hh_02_1_2.txt</document><document title="hh_03_2">jsan_resources/corpora/amt/hh/hh_03_2.txt</document><document title="hh_04_2">jsan_resources/corpora/amt/hh/hh_04_2.txt</document><document title="hh_05_2">jsan_resources/corpora/amt/hh/hh_05_2.txt</document><document title="hh_06_2">jsan_resources/corpora/amt/hh/hh_06_2.txt</document><document title="hh_07_2_3">jsan_resources/corpora/amt/hh/hh_07_2_3.txt</document><document title="hh_08_3">jsan_resources/corpora/amt/hh/hh_08_3.txt</document><document title="hh_09_3_4">jsan_resources/corpora/amt/hh/hh_09_3_4.txt</document><document title="hh_10_4">jsan_resources/corpora/amt/hh/hh_10_4.txt</document><document title="hh_11_4_5">jsan_resources/corpora/amt/hh/hh_11_4_5.txt</document><document title="hh_12_5">jsan_resources/corpora/amt/hh/hh_12_5.txt</document><document title="hh_13_5">jsan_resources/corpora/amt/hh/hh_13_5.txt</document><document title="hh_14_5">jsan_resources/corpora/amt/hh/hh_14_5.txt</document><document title="hh_15_5_6">jsan_resources/corpora/amt/hh/hh_15_5_6.txt</document><document title="hh_16_6">jsan_resources/corpora/amt/hh/hh_16_6.txt</document><document title="hh_17_6">jsan_resources/corpora/amt/hh/hh_17_6.txt</document><document title="hh_18_6">jsan_resources/corpora/amt/hh/hh_18_6.txt</document><document title="hh_19_6">jsan_resources/corpora/amt/hh/hh_19_6.txt</document><document title="hh_20_6">jsan_resources/corpora/amt/hh/hh_20_6.txt</document></author><author name="cc"><document title="cc_01_1">jsan_resources/corpora/amt/cc/cc_01_1.txt</document><document title="cc_02_1">jsan_resources/corpora/amt/cc/cc_02_1.txt</document><document title="cc_03_1">jsan_resources/corpora/amt/cc/cc_03_1.txt</document><document title="cc_04_1">jsan_resources/corpora/amt/cc/cc_04_1.txt</document><document title="cc_05_1_2">jsan_resources/corpora/amt/cc/cc_05_1_2.txt</document><document title="cc_06_2">jsan_resources/corpora/amt/cc/cc_06_2.txt</document><document title="cc_07_2">jsan_resources/corpora/amt/cc/cc_07_2.txt</document><document title="cc_08_2">jsan_resources/corpora/amt/cc/cc_08_2.txt</document><document title="cc_09_2">jsan_resources/corpora/amt/cc/cc_09_2.txt</document><document title="cc_10_2">jsan_resources/corpora/amt/cc/cc_10_2.txt</document><document title="cc_11_2">jsan_resources/corpora/amt/cc/cc_11_2.txt</document><document title="cc_12_2_3">jsan_resources/corpora/amt/cc/cc_12_2_3.txt</document><document title="cc_13_3">jsan_resources/corpora/amt/cc/cc_13_3.txt</document><document title="cc_14_3">jsan_resources/corpora/amt/cc/cc_14_3.txt</document><document title="cc_15_3_4">jsan_resources/corpora/amt/cc/cc_15_3_4.txt</document><document title="cc_16_4">jsan_resources/corpora/amt/cc/cc_16_4.txt</document><document title="cc_17_4">jsan_resources/corpora/amt/cc/cc_17_4.txt</document><document title="cc_18_4">jsan_resources/corpora/amt/cc/cc_18_4.txt</document></author><author name="l"><document title="l_01_1">jsan_resources/corpora/amt/l/l_01_1.txt</document><document title="l_02_1">jsan_resources/corpora/amt/l/l_02_1.txt</document><document title="l_03_1">jsan_resources/corpora/amt/l/l_03_1.txt</document><document title="l_04_1">jsan_resources/corpora/amt/l/l_04_1.txt</document><document title="l_05_1">jsan_resources/corpora/amt/l/l_05_1.txt</document><document title="l_06_1_2">jsan_resources/corpora/amt/l/l_06_1_2.txt</document><document title="l_07_2_3">jsan_resources/corpora/amt/l/l_07_2_3.txt</document><document title="l_08_3">jsan_resources/corpora/amt/l/l_08_3.txt</document><document title="l_09_3_4">jsan_resources/corpora/amt/l/l_09_3_4.txt</document><document title="l_10_4">jsan_resources/corpora/amt/l/l_10_4.txt</document><document title="l_11_4_5">jsan_resources/corpora/amt/l/l_11_4_5.txt</document><document title="l_12_4">jsan_resources/corpora/amt/l/l_12_4.txt</document><document title="l_13_4_5">jsan_resources/corpora/amt/l/l_13_4_5.txt</document><document title="l_14_6">jsan_resources/corpora/amt/l/l_14_6.txt</document></author><author name="h"><document title="h_01_1">jsan_resources/corpora/amt/h/h_01_1.txt</document><document title="h_02_1">jsan_resources/corpora/amt/h/h_02_1.txt</document><document title="h_03_1">jsan_resources/corpora/amt/h/h_03_1.txt</document><document title="h_04_1">jsan_resources/corpora/amt/h/h_04_1.txt</document><document title="h_05_1">jsan_resources/corpora/amt/h/h_05_1.txt</document><document title="h_06_1">jsan_resources/corpora/amt/h/h_06_1.txt</document><document title="h_07_1">jsan_resources/corpora/amt/h/h_07_1.txt</document><document title="h_08_1_2">jsan_resources/corpora/amt/h/h_08_1_2.txt</document><document title="h_09_2">jsan_resources/corpora/amt/h/h_09_2.txt</document><document title="h_10_2">jsan_resources/corpora/amt/h/h_10_2.txt</document><document title="h_11_2">jsan_resources/corpora/amt/h/h_11_2.txt</document><document title="h_12_2">jsan_resources/corpora/amt/h/h_12_2.txt</document><document title="h_13_2">jsan_resources/corpora/amt/h/h_13_2.txt</document><document title="h_14_2">jsan_resources/corpora/amt/h/h_14_2.txt</document><document title="h_15_2">jsan_resources/corpora/amt/h/h_15_2.txt</document><document title="h_16_2">jsan_resources/corpora/amt/h/h_16_2.txt</document><document title="h_17_2">jsan_resources/corpora/amt/h/h_17_2.txt</document><document title="h_18_2">jsan_resources/corpora/amt/h/h_18_2.txt</document></author><author name="f"><document title="f_01_1">jsan_resources/corpora/amt/f/f_01_1.txt</document><document title="f_02_1">jsan_resources/corpora/amt/f/f_02_1.txt</document><document title="f_03_1_2">jsan_resources/corpora/amt/f/f_03_1_2.txt</document><document title="f_04_2">jsan_resources/corpora/amt/f/f_04_2.txt</document><document title="f_05_2">jsan_resources/corpora/amt/f/f_05_2.txt</document><document title="f_06_2">jsan_resources/corpora/amt/f/f_06_2.txt</document><document title="f_07_2">jsan_resources/corpora/amt/f/f_07_2.txt</document><document title="f_08_2">jsan_resources/corpora/amt/f/f_08_2.txt</document><document title="f_09_2">jsan_resources/corpora/amt/f/f_09_2.txt</document><document title="f_10_2_3">jsan_resources/corpora/amt/f/f_10_2_3.txt</document><document title="f_11_3">jsan_resources/corpora/amt/f/f_11_3.txt</document><document title="f_12_3">jsan_resources/corpora/amt/f/f_12_3.txt</document><document title="f_13_3">jsan_resources/corpora/amt/f/f_13_3.txt</document><document title="f_14_3">jsan_resources/corpora/amt/f/f_14_3.txt</document><document title="f_15_3">jsan_resources/corpora/amt/f/f_15_3.txt</document><document title="f_16_3">jsan_resources/corpora/amt/f/f_16_3.txt</document><document title="f_17_3">jsan_resources/corpora/amt/f/f_17_3.txt</document></author><author name="aa"><document title="aa_01_1">jsan_resources/corpora/amt/aa/aa_01_1.txt</document><document title="aa_02_1_2">jsan_resources/corpora/amt/aa/aa_02_1_2.txt</document><document title="aa_03_2">jsan_resources/corpora/amt/aa/aa_03_2.txt</document><document title="aa_04_2">jsan_resources/corpora/amt/aa/aa_04_2.txt</document><document title="aa_05_2">jsan_resources/corpora/amt/aa/aa_05_2.txt</document><document title="aa_06_2_3">jsan_resources/corpora/amt/aa/aa_06_2_3.txt</document><document title="aa_07_3_4">jsan_resources/corpora/amt/aa/aa_07_3_4.txt</document><document title="aa_08_4">jsan_resources/corpora/amt/aa/aa_08_4.txt</document><document title="aa_09_4">jsan_resources/corpora/amt/aa/aa_09_4.txt</document><document title="aa_10_4">jsan_resources/corpora/amt/aa/aa_10_4.txt</document><document title="aa_11_4">jsan_resources/corpora/amt/aa/aa_11_4.txt</document><document title="aa_12_4_5">jsan_resources/corpora/amt/aa/aa_12_4_5.txt</document><document title="aa_13_5_6">jsan_resources/corpora/amt/aa/aa_13_5_6.txt</document><document title="aa_14_6">jsan_resources/corpora/amt/aa/aa_14_6.txt</document></author><author name="rr"><document title="rr_01_1">jsan_resources/corpora/amt/rr/rr_01_1.txt</document><document title="rr_02_1">jsan_resources/corpora/amt/rr/rr_02_1.txt</document><document title="rr_03_1_2">jsan_resources/corpora/amt/rr/rr_03_1_2.txt</document><document title="rr_04_2">jsan_resources/corpora/amt/rr/rr_04_2.txt</document><document title="rr_05_2">jsan_resources/corpora/amt/rr/rr_05_2.txt</document><document title="rr_06_2">jsan_resources/corpora/amt/rr/rr_06_2.txt</document><document title="rr_07_2_3">jsan_resources/corpora/amt/rr/rr_07_2_3.txt</document><document title="rr_08_3">jsan_resources/corpora/amt/rr/rr_08_3.txt</document><document title="rr_09_3">jsan_resources/corpora/amt/rr/rr_09_3.txt</document><document title="rr_10_3">jsan_resources/corpora/amt/rr/rr_10_3.txt</document><document title="rr_11_3">jsan_resources/corpora/amt/rr/rr_11_3.txt</document><document title="rr_12_3_4">jsan_resources/corpora/amt/rr/rr_12_3_4.txt</document><document title="rr_13_4">jsan_resources/corpora/amt/rr/rr_13_4.txt</document><document title="rr_14_4">jsan_resources/corpora/amt/rr/rr_14_4.txt</document></author><author name="z"><document title="z_01_1">jsan_resources/corpora/amt/z/z_01_1.txt</document><document title="z_02_1_2">jsan_resources/corpora/amt/z/z_02_1_2.txt</document><document title="z_03_2">jsan_resources/corpora/amt/z/z_03_2.txt</document><document title="z_04_2">jsan_resources/corpora/amt/z/z_04_2.txt</document><document title="z_05_2">jsan_resources/corpora/amt/z/z_05_2.txt</document><document title="z_06_2">jsan_resources/corpora/amt/z/z_06_2.txt</document><document title="z_07_2_3">jsan_resources/corpora/amt/z/z_07_2_3.txt</document><document title="z_08_3">jsan_resources/corpora/amt/z/z_08_3.txt</document><document title="z_09_3">jsan_resources/corpora/amt/z/z_09_3.txt</document><document title="z_10_3">jsan_resources/corpora/amt/z/z_10_3.txt</document><document title="z_11_3">jsan_resources/corpora/amt/z/z_11_3.txt</document><document title="z_12_3">jsan_resources/corpora/amt/z/z_12_3.txt</document><document title="z_13_3_4">jsan_resources/corpora/amt/z/z_13_3_4.txt</document></author><author name="j"><document title="j_01_1">jsan_resources/corpora/amt/j/j_01_1.txt</document><document title="j_02_1_2">jsan_resources/corpora/amt/j/j_02_1_2.txt</document><document title="j_03_2">jsan_resources/corpora/amt/j/j_03_2.txt</document><document title="j_04_2_3">jsan_resources/corpora/amt/j/j_04_2_3.txt</document><document title="j_05_3">jsan_resources/corpora/amt/j/j_05_3.txt</document><document title="j_06_3_4">jsan_resources/corpora/amt/j/j_06_3_4.txt</document><document title="j_07_4">jsan_resources/corpora/amt/j/j_07_4.txt</document><document title="j_08_4">jsan_resources/corpora/amt/j/j_08_4.txt</document><document title="j_09_4">jsan_resources/corpora/amt/j/j_09_4.txt</document><document title="j_10_4">jsan_resources/corpora/amt/j/j_10_4.txt</document><document title="j_11_4">jsan_resources/corpora/amt/j/j_11_4.txt</document><document title="j_12_4">jsan_resources/corpora/amt/j/j_12_4.txt</document><document title="j_13_4">jsan_resources/corpora/amt/j/j_13_4.txt</document><document title="j_14_4_5">jsan_resources/corpora/amt/j/j_14_4_5.txt</document><document title="j_15_5_6">jsan_resources/corpora/amt/j/j_15_5_6.txt</document></author><author name="nn"><document title="nn_01_1">jsan_resources/corpora/amt/nn/nn_01_1.txt</document><document title="nn_02_1">jsan_resources/corpora/amt/nn/nn_02_1.txt</document><document title="nn_03_1">jsan_resources/corpora/amt/nn/nn_03_1.txt</document><document title="nn_04_1_2">jsan_resources/corpora/amt/nn/nn_04_1_2.txt</document><document title="nn_05_2">jsan_resources/corpora/amt/nn/nn_05_2.txt</document><document title="nn_06_2">jsan_resources/corpora/amt/nn/nn_06_2.txt</document><document title="nn_07_2">jsan_resources/corpora/amt/nn/nn_07_2.txt</document><document title="nn_08_2_3">jsan_resources/corpora/amt/nn/nn_08_2_3.txt</document><document title="nn_09_3_4">jsan_resources/corpora/amt/nn/nn_09_3_4.txt</document><document title="nn_10_4">jsan_resources/corpora/amt/nn/nn_10_4.txt</document><document title="nn_11_4">jsan_resources/corpora/amt/nn/nn_11_4.txt</document><document title="nn_12_4_5">jsan_resources/corpora/amt/nn/nn_12_4_5.txt</document><document title="nn_13_5">jsan_resources/corpora/amt/nn/nn_13_5.txt</document></author><author name="ff"><document title="ff_01_1">jsan_resources/corpora/amt/ff/ff_01_1.txt</document><document title="ff_02_1">jsan_resources/corpora/amt/ff/ff_02_1.txt</document><document title="ff_03_1">jsan_resources/corpora/amt/ff/ff_03_1.txt</document><document title="ff_04_1">jsan_resources/corpora/amt/ff/ff_04_1.txt</document><document title="ff_05_1">jsan_resources/corpora/amt/ff/ff_05_1.txt</document><document title="ff_06_1">jsan_resources/corpora/amt/ff/ff_06_1.txt</document><document title="ff_07_1_2">jsan_resources/corpora/amt/ff/ff_07_1_2.txt</document><document title="ff_08_2">jsan_resources/corpora/amt/ff/ff_08_2.txt</document><document title="ff_09_2">jsan_resources/corpora/amt/ff/ff_09_2.txt</document><document title="ff_10_2">jsan_resources/corpora/amt/ff/ff_10_2.txt</document><document title="ff_11_2">jsan_resources/corpora/amt/ff/ff_11_2.txt</document><document title="ff_12_2">jsan_resources/corpora/amt/ff/ff_12_2.txt</document><document title="ff_13_2">jsan_resources/corpora/amt/ff/ff_13_2.txt</document><document title="ff_14_2">jsan_resources/corpora/amt/ff/ff_14_2.txt</document></author><author name="ll"><document title="ll_01_1">jsan_resources/corpora/amt/ll/ll_01_1.txt</document><document title="ll_02_1">jsan_resources/corpora/amt/ll/ll_02_1.txt</document><document title="ll_03_1_2">jsan_resources/corpora/amt/ll/ll_03_1_2.txt</document><document title="ll_04_2">jsan_resources/corpora/amt/ll/ll_04_2.txt</document><document title="ll_05_2_3">jsan_resources/corpora/amt/ll/ll_05_2_3.txt</document><document title="ll_06_3">jsan_resources/corpora/amt/ll/ll_06_3.txt</document><document title="ll_07_3">jsan_resources/corpora/amt/ll/ll_07_3.txt</document><document title="ll_08_3">jsan_resources/corpora/amt/ll/ll_08_3.txt</document><document title="ll_09_3_4">jsan_resources/corpora/amt/ll/ll_09_3_4.txt</document><document title="ll_10_4_5">jsan_resources/corpora/amt/ll/ll_10_4_5.txt</document><document title="ll_11_5">jsan_resources/corpora/amt/ll/ll_11_5.txt</document><document title="ll_12_5_6">jsan_resources/corpora/amt/ll/ll_12_5_6.txt</document><document title="ll_13_6">jsan_resources/corpora/amt/ll/ll_13_6.txt</document></author><author name="uu"><document title="uu_01_1">jsan_resources/corpora/amt/uu/uu_01_1.txt</document><document title="uu_02_1">jsan_resources/corpora/amt/uu/uu_02_1.txt</document><document title="uu_03_1">jsan_resources/corpora/amt/uu/uu_03_1.txt</document><document title="uu_04_1">jsan_resources/corpora/amt/uu/uu_04_1.txt</document><document title="uu_05_1">jsan_resources/corpora/amt/uu/uu_05_1.txt</document><document title="uu_06_1">jsan_resources/corpora/amt/uu/uu_06_1.txt</document><document title="uu_07_1_2">jsan_resources/corpora/amt/uu/uu_07_1_2.txt</document><document title="uu_08_2">jsan_resources/corpora/amt/uu/uu_08_2.txt</document><document title="uu_09_2_3">jsan_resources/corpora/amt/uu/uu_09_2_3.txt</document><document title="uu_10_3">jsan_resources/corpora/amt/uu/uu_10_3.txt</document><document title="uu_11_3">jsan_resources/corpora/amt/uu/uu_11_3.txt</document><document title="uu_12_3_4">jsan_resources/corpora/amt/uu/uu_12_3_4.txt</document><document title="uu_13_4">jsan_resources/corpora/amt/uu/uu_13_4.txt</document><document title="uu_14_4_5">jsan_resources/corpora/amt/uu/uu_14_4_5.txt</document><document title="uu_15_5">jsan_resources/corpora/amt/uu/uu_15_5.txt</document><document title="uu_16_5">jsan_resources/corpora/amt/uu/uu_16_5.txt</document><document title="uu_17_5_6">jsan_resources/corpora/amt/uu/uu_17_5_6.txt</document><document title="uu_18_6">jsan_resources/corpora/amt/uu/uu_18_6.txt</document></author><author name="ss"><document title="ss_01_1">jsan_resources/corpora/amt/ss/ss_01_1.txt</document><document title="ss_02_1">jsan_resources/corpora/amt/ss/ss_02_1.txt</document><document title="ss_03_1">jsan_resources/corpora/amt/ss/ss_03_1.txt</document><document title="ss_04_1">jsan_resources/corpora/amt/ss/ss_04_1.txt</document><document title="ss_05_1">jsan_resources/corpora/amt/ss/ss_05_1.txt</document><document title="ss_06_1">jsan_resources/corpora/amt/ss/ss_06_1.txt</document><document title="ss_07_1_2">jsan_resources/corpora/amt/ss/ss_07_1_2.txt</document><document title="ss_08_2">jsan_resources/corpora/amt/ss/ss_08_2.txt</document><document title="ss_09_2">jsan_resources/corpora/amt/ss/ss_09_2.txt</document><document title="ss_10_2">jsan_resources/corpora/amt/ss/ss_10_2.txt</document><document title="ss_11_2">jsan_resources/corpora/amt/ss/ss_11_2.txt</document><document title="ss_12_2">jsan_resources/corpora/amt/ss/ss_12_2.txt</document><document title="ss_13_2">jsan_resources/corpora/amt/ss/ss_13_2.txt</document><document title="ss_14_2_3">jsan_resources/corpora/amt/ss/ss_14_2_3.txt</document><document title="ss_15_3">jsan_resources/corpora/amt/ss/ss_15_3.txt</document></author><author name="o"><document title="o_01_1">jsan_resources/corpora/amt/o/o_01_1.txt</document><document title="o_02_1_2">jsan_resources/corpora/amt/o/o_02_1_2.txt</document><document title="o_03_2">jsan_resources/corpora/amt/o/o_03_2.txt</document><document title="o_04_2_3">jsan_resources/corpora/amt/o/o_04_2_3.txt</document><document title="o_05_3_4">jsan_resources/corpora/amt/o/o_05_3_4.txt</document><document title="o_06_4">jsan_resources/corpora/amt/o/o_06_4.txt</document><document title="o_07_4">jsan_resources/corpora/amt/o/o_07_4.txt</document><document title="o_08_4_5">jsan_resources/corpora/amt/o/o_08_4_5.txt</document><document title="o_09_5">jsan_resources/corpora/amt/o/o_09_5.txt</document><document title="o_10_5">jsan_resources/corpora/amt/o/o_10_5.txt</document><document title="o_11_5_6">jsan_resources/corpora/amt/o/o_11_5_6.txt</document><document title="o_12_6_7">jsan_resources/corpora/amt/o/o_12_6_7.txt</document><document title="o_13_7">jsan_resources/corpora/amt/o/o_13_7.txt</document><document title="o_14_7">jsan_resources/corpora/amt/o/o_14_7.txt</document><document title="o_15_7_8">jsan_resources/corpora/amt/o/o_15_7_8.txt</document></author><author name="b"><document title="b_01_1">jsan_resources/corpora/amt/b/b_01_1.txt</document><document title="b_02_1">jsan_resources/corpora/amt/b/b_02_1.txt</document><document title="b_03_1_2">jsan_resources/corpora/amt/b/b_03_1_2.txt</document><document title="b_04_2">jsan_resources/corpora/amt/b/b_04_2.txt</document><document title="b_05_2">jsan_resources/corpora/amt/b/b_05_2.txt</document><document title="b_06_2">jsan_resources/corpora/amt/b/b_06_2.txt</document><document title="b_07_2">jsan_resources/corpora/amt/b/b_07_2.txt</document><document title="b_08_2">jsan_resources/corpora/amt/b/b_08_2.txt</document><document title="b_09_2_3">jsan_resources/corpora/amt/b/b_09_2_3.txt</document><document title="b_10_3_4">jsan_resources/corpora/amt/b/b_10_3_4.txt</document><document title="b_11_4">jsan_resources/corpora/amt/b/b_11_4.txt</document><document title="b_12_4">jsan_resources/corpora/amt/b/b_12_4.txt</document><document title="b_13_4">jsan_resources/corpora/amt/b/b_13_4.txt</document><document title="b_14_4">jsan_resources/corpora/amt/b/b_14_4.txt</document><document title="b_15_4">jsan_resources/corpora/amt/b/b_15_4.txt</document><document title="b_16_4">jsan_resources/corpora/amt/b/b_16_4.txt</document><document title="b_17_4">jsan_resources/corpora/amt/b/b_17_4.txt</document></author><author name="ii"><document title="ii_01_1">jsan_resources/corpora/amt/ii/ii_01_1.txt</document><document title="ii_02_1">jsan_resources/corpora/amt/ii/ii_02_1.txt</document><document title="ii_03_1_2">jsan_resources/corpora/amt/ii/ii_03_1_2.txt</document><document title="ii_04_2_3">jsan_resources/corpora/amt/ii/ii_04_2_3.txt</document><document title="ii_05_3">jsan_resources/corpora/amt/ii/ii_05_3.txt</document><document title="ii_06_3">jsan_resources/corpora/amt/ii/ii_06_3.txt</document><document title="ii_07_3_4">jsan_resources/corpora/amt/ii/ii_07_3_4.txt</document><document title="ii_08_4">jsan_resources/corpora/amt/ii/ii_08_4.txt</document><document title="ii_09_4_5">jsan_resources/corpora/amt/ii/ii_09_4_5.txt</document><document title="ii_10_5">jsan_resources/corpora/amt/ii/ii_10_5.txt</document><document title="ii_11_5">jsan_resources/corpora/amt/ii/ii_11_5.txt</document><document title="ii_12_5_6">jsan_resources/corpora/amt/ii/ii_12_5_6.txt</document><document title="ii_13_6">jsan_resources/corpora/amt/ii/ii_13_6.txt</document><document title="ii_14_6">jsan_resources/corpora/amt/ii/ii_14_6.txt</document></author><author name="t"><document title="t_01_1">jsan_resources/corpora/amt/t/t_01_1.txt</document><document title="t_02_1">jsan_resources/corpora/amt/t/t_02_1.txt</document><document title="t_03_1_2">jsan_resources/corpora/amt/t/t_03_1_2.txt</document><document title="t_04_2">jsan_resources/corpora/amt/t/t_04_2.txt</document><document title="t_05_2">jsan_resources/corpora/amt/t/t_05_2.txt</document><document title="t_06_2_3">jsan_resources/corpora/amt/t/t_06_2_3.txt</document><document title="t_07_3">jsan_resources/corpora/amt/t/t_07_3.txt</document><document title="t_08_3">jsan_resources/corpora/amt/t/t_08_3.txt</document><document title="t_09_3_4">jsan_resources/corpora/amt/t/t_09_3_4.txt</document><document title="t_10_4">jsan_resources/corpora/amt/t/t_10_4.txt</document><document title="t_11_4">jsan_resources/corpora/amt/t/t_11_4.txt</document><document title="t_12_4">jsan_resources/corpora/amt/t/t_12_4.txt</document><document title="t_13_4">jsan_resources/corpora/amt/t/t_13_4.txt</document></author></training></problem-set>