<?xml version="1.0" encoding="UTF-8" standalone="no"?><problem-set><training name="author_detect_5_9"><author name="h"><document title="h_01_1">jsan_resources/corpora/amt/h/h_01_1.txt</document><document title="h_02_1">jsan_resources/corpora/amt/h/h_02_1.txt</document><document title="h_03_1">jsan_resources/corpora/amt/h/h_03_1.txt</document><document title="h_04_1">jsan_resources/corpora/amt/h/h_04_1.txt</document><document title="h_05_1">jsan_resources/corpora/amt/h/h_05_1.txt</document><document title="h_06_1">jsan_resources/corpora/amt/h/h_06_1.txt</document><document title="h_07_1">jsan_resources/corpora/amt/h/h_07_1.txt</document><document title="h_08_1_2">jsan_resources/corpora/amt/h/h_08_1_2.txt</document><document title="h_09_2">jsan_resources/corpora/amt/h/h_09_2.txt</document><document title="h_10_2">jsan_resources/corpora/amt/h/h_10_2.txt</document><document title="h_11_2">jsan_resources/corpora/amt/h/h_11_2.txt</document><document title="h_12_2">jsan_resources/corpora/amt/h/h_12_2.txt</document><document title="h_13_2">jsan_resources/corpora/amt/h/h_13_2.txt</document><document title="h_14_2">jsan_resources/corpora/amt/h/h_14_2.txt</document><document title="h_15_2">jsan_resources/corpora/amt/h/h_15_2.txt</document><document title="h_16_2">jsan_resources/corpora/amt/h/h_16_2.txt</document><document title="h_17_2">jsan_resources/corpora/amt/h/h_17_2.txt</document><document title="h_18_2">jsan_resources/corpora/amt/h/h_18_2.txt</document></author><author name="g"><document title="g_01_1">jsan_resources/corpora/amt/g/g_01_1.txt</document><document title="g_02_1">jsan_resources/corpora/amt/g/g_02_1.txt</document><document title="g_03_1">jsan_resources/corpora/amt/g/g_03_1.txt</document><document title="g_04_1">jsan_resources/corpora/amt/g/g_04_1.txt</document><document title="g_05_1">jsan_resources/corpora/amt/g/g_05_1.txt</document><document title="g_06_1">jsan_resources/corpora/amt/g/g_06_1.txt</document><document title="g_07_1">jsan_resources/corpora/amt/g/g_07_1.txt</document><document title="g_08_1">jsan_resources/corpora/amt/g/g_08_1.txt</document><document title="g_09_1">jsan_resources/corpora/amt/g/g_09_1.txt</document><document title="g_10_1">jsan_resources/corpora/amt/g/g_10_1.txt</document><document title="g_11_1">jsan_resources/corpora/amt/g/g_11_1.txt</document><document title="g_12_1">jsan_resources/corpora/amt/g/g_12_1.txt</document><document title="g_13_1">jsan_resources/corpora/amt/g/g_13_1.txt</document><document title="g_14_1">jsan_resources/corpora/amt/g/g_14_1.txt</document><document title="g_15_1">jsan_resources/corpora/amt/g/g_15_1.txt</document><document title="g_16_1">jsan_resources/corpora/amt/g/g_16_1.txt</document></author><author name="ww"><document title="ww_01_1">jsan_resources/corpora/amt/ww/ww_01_1.txt</document><document title="ww_02_1">jsan_resources/corpora/amt/ww/ww_02_1.txt</document><document title="ww_03_1">jsan_resources/corpora/amt/ww/ww_03_1.txt</document><document title="ww_04_1_2">jsan_resources/corpora/amt/ww/ww_04_1_2.txt</document><document title="ww_05_2">jsan_resources/corpora/amt/ww/ww_05_2.txt</document><document title="ww_06_2">jsan_resources/corpora/amt/ww/ww_06_2.txt</document><document title="ww_07_2">jsan_resources/corpora/amt/ww/ww_07_2.txt</document><document title="ww_08_2">jsan_resources/corpora/amt/ww/ww_08_2.txt</document><document title="ww_09_2">jsan_resources/corpora/amt/ww/ww_09_2.txt</document><document title="ww_10_2_3">jsan_resources/corpora/amt/ww/ww_10_2_3.txt</document><document title="ww_11_3">jsan_resources/corpora/amt/ww/ww_11_3.txt</document><document title="ww_12_3">jsan_resources/corpora/amt/ww/ww_12_3.txt</document><document title="ww_13_3">jsan_resources/corpora/amt/ww/ww_13_3.txt</document><document title="ww_14_3">jsan_resources/corpora/amt/ww/ww_14_3.txt</document><document title="ww_15_3">jsan_resources/corpora/amt/ww/ww_15_3.txt</document></author><author name="cc"><document title="cc_01_1">jsan_resources/corpora/amt/cc/cc_01_1.txt</document><document title="cc_02_1">jsan_resources/corpora/amt/cc/cc_02_1.txt</document><document title="cc_03_1">jsan_resources/corpora/amt/cc/cc_03_1.txt</document><document title="cc_04_1">jsan_resources/corpora/amt/cc/cc_04_1.txt</document><document title="cc_05_1_2">jsan_resources/corpora/amt/cc/cc_05_1_2.txt</document><document title="cc_06_2">jsan_resources/corpora/amt/cc/cc_06_2.txt</document><document title="cc_07_2">jsan_resources/corpora/amt/cc/cc_07_2.txt</document><document title="cc_08_2">jsan_resources/corpora/amt/cc/cc_08_2.txt</document><document title="cc_09_2">jsan_resources/corpora/amt/cc/cc_09_2.txt</document><document title="cc_10_2">jsan_resources/corpora/amt/cc/cc_10_2.txt</document><document title="cc_11_2">jsan_resources/corpora/amt/cc/cc_11_2.txt</document><document title="cc_12_2_3">jsan_resources/corpora/amt/cc/cc_12_2_3.txt</document><document title="cc_13_3">jsan_resources/corpora/amt/cc/cc_13_3.txt</document><document title="cc_14_3">jsan_resources/corpora/amt/cc/cc_14_3.txt</document><document title="cc_15_3_4">jsan_resources/corpora/amt/cc/cc_15_3_4.txt</document><document title="cc_16_4">jsan_resources/corpora/amt/cc/cc_16_4.txt</document><document title="cc_17_4">jsan_resources/corpora/amt/cc/cc_17_4.txt</document><document title="cc_18_4">jsan_resources/corpora/amt/cc/cc_18_4.txt</document></author><author name="r"><document title="r_01_1">jsan_resources/corpora/amt/r/r_01_1.txt</document><document title="r_02_1">jsan_resources/corpora/amt/r/r_02_1.txt</document><document title="r_03_1_2">jsan_resources/corpora/amt/r/r_03_1_2.txt</document><document title="r_04_2">jsan_resources/corpora/amt/r/r_04_2.txt</document><document title="r_05_2">jsan_resources/corpora/amt/r/r_05_2.txt</document><document title="r_06_2">jsan_resources/corpora/amt/r/r_06_2.txt</document><document title="r_07_2_3">jsan_resources/corpora/amt/r/r_07_2_3.txt</document><document title="r_08_3_4">jsan_resources/corpora/amt/r/r_08_3_4.txt</document><document title="r_09_4">jsan_resources/corpora/amt/r/r_09_4.txt</document><document title="r_10_4_5">jsan_resources/corpora/amt/r/r_10_4_5.txt</document><document title="r_11_5">jsan_resources/corpora/amt/r/r_11_5.txt</document><document title="r_12_5_6">jsan_resources/corpora/amt/r/r_12_5_6.txt</document><document title="r_13_6">jsan_resources/corpora/amt/r/r_13_6.txt</document><document title="r_14_6">jsan_resources/corpora/amt/r/r_14_6.txt</document></author></training></problem-set>