<?xml version="1.0" encoding="UTF-8" standalone="no"?><problem-set><training name="author_detect_25_5"><author name="p"><document title="p_01_1">jsan_resources/corpora/amt/p/p_01_1.txt</document><document title="p_02_1">jsan_resources/corpora/amt/p/p_02_1.txt</document><document title="p_03_1">jsan_resources/corpora/amt/p/p_03_1.txt</document><document title="p_04_1">jsan_resources/corpora/amt/p/p_04_1.txt</document><document title="p_05_1">jsan_resources/corpora/amt/p/p_05_1.txt</document><document title="p_06_1">jsan_resources/corpora/amt/p/p_06_1.txt</document><document title="p_07_1">jsan_resources/corpora/amt/p/p_07_1.txt</document><document title="p_08_1_2">jsan_resources/corpora/amt/p/p_08_1_2.txt</document><document title="p_09_2">jsan_resources/corpora/amt/p/p_09_2.txt</document><document title="p_10_2">jsan_resources/corpora/amt/p/p_10_2.txt</document><document title="p_11_2">jsan_resources/corpora/amt/p/p_11_2.txt</document><document title="p_12_2">jsan_resources/corpora/amt/p/p_12_2.txt</document><document title="p_13_2_3">jsan_resources/corpora/amt/p/p_13_2_3.txt</document><document title="p_14_3">jsan_resources/corpora/amt/p/p_14_3.txt</document><document title="p_15_3">jsan_resources/corpora/amt/p/p_15_3.txt</document><document title="p_16_3">jsan_resources/corpora/amt/p/p_16_3.txt</document><document title="p_17_3">jsan_resources/corpora/amt/p/p_17_3.txt</document><document title="p_18_3">jsan_resources/corpora/amt/p/p_18_3.txt</document><document title="p_19_3">jsan_resources/corpora/amt/p/p_19_3.txt</document><document title="p_20_3">jsan_resources/corpora/amt/p/p_20_3.txt</document></author><author name="ff"><document title="ff_01_1">jsan_resources/corpora/amt/ff/ff_01_1.txt</document><document title="ff_02_1">jsan_resources/corpora/amt/ff/ff_02_1.txt</document><document title="ff_03_1">jsan_resources/corpora/amt/ff/ff_03_1.txt</document><document title="ff_04_1">jsan_resources/corpora/amt/ff/ff_04_1.txt</document><document title="ff_05_1">jsan_resources/corpora/amt/ff/ff_05_1.txt</document><document title="ff_06_1">jsan_resources/corpora/amt/ff/ff_06_1.txt</document><document title="ff_07_1_2">jsan_resources/corpora/amt/ff/ff_07_1_2.txt</document><document title="ff_08_2">jsan_resources/corpora/amt/ff/ff_08_2.txt</document><document title="ff_09_2">jsan_resources/corpora/amt/ff/ff_09_2.txt</document><document title="ff_10_2">jsan_resources/corpora/amt/ff/ff_10_2.txt</document><document title="ff_11_2">jsan_resources/corpora/amt/ff/ff_11_2.txt</document><document title="ff_12_2">jsan_resources/corpora/amt/ff/ff_12_2.txt</document><document title="ff_13_2">jsan_resources/corpora/amt/ff/ff_13_2.txt</document><document title="ff_14_2">jsan_resources/corpora/amt/ff/ff_14_2.txt</document></author><author name="q"><document title="q_01_1">jsan_resources/corpora/amt/q/q_01_1.txt</document><document title="q_02_1">jsan_resources/corpora/amt/q/q_02_1.txt</document><document title="q_03_1">jsan_resources/corpora/amt/q/q_03_1.txt</document><document title="q_04_1">jsan_resources/corpora/amt/q/q_04_1.txt</document><document title="q_05_1">jsan_resources/corpora/amt/q/q_05_1.txt</document><document title="q_06_1">jsan_resources/corpora/amt/q/q_06_1.txt</document><document title="q_07_1">jsan_resources/corpora/amt/q/q_07_1.txt</document><document title="q_08_1">jsan_resources/corpora/amt/q/q_08_1.txt</document><document title="q_09_1">jsan_resources/corpora/amt/q/q_09_1.txt</document><document title="q_10_1_2">jsan_resources/corpora/amt/q/q_10_1_2.txt</document><document title="q_11_2">jsan_resources/corpora/amt/q/q_11_2.txt</document><document title="q_12_2">jsan_resources/corpora/amt/q/q_12_2.txt</document><document title="q_13_2">jsan_resources/corpora/amt/q/q_13_2.txt</document><document title="q_14_2_3">jsan_resources/corpora/amt/q/q_14_2_3.txt</document><document title="q_15_3">jsan_resources/corpora/amt/q/q_15_3.txt</document></author><author name="hh"><document title="hh_01_1">jsan_resources/corpora/amt/hh/hh_01_1.txt</document><document title="hh_02_1_2">jsan_resources/corpora/amt/hh/hh_02_1_2.txt</document><document title="hh_03_2">jsan_resources/corpora/amt/hh/hh_03_2.txt</document><document title="hh_04_2">jsan_resources/corpora/amt/hh/hh_04_2.txt</document><document title="hh_05_2">jsan_resources/corpora/amt/hh/hh_05_2.txt</document><document title="hh_06_2">jsan_resources/corpora/amt/hh/hh_06_2.txt</document><document title="hh_07_2_3">jsan_resources/corpora/amt/hh/hh_07_2_3.txt</document><document title="hh_08_3">jsan_resources/corpora/amt/hh/hh_08_3.txt</document><document title="hh_09_3_4">jsan_resources/corpora/amt/hh/hh_09_3_4.txt</document><document title="hh_10_4">jsan_resources/corpora/amt/hh/hh_10_4.txt</document><document title="hh_11_4_5">jsan_resources/corpora/amt/hh/hh_11_4_5.txt</document><document title="hh_12_5">jsan_resources/corpora/amt/hh/hh_12_5.txt</document><document title="hh_13_5">jsan_resources/corpora/amt/hh/hh_13_5.txt</document><document title="hh_14_5">jsan_resources/corpora/amt/hh/hh_14_5.txt</document><document title="hh_15_5_6">jsan_resources/corpora/amt/hh/hh_15_5_6.txt</document><document title="hh_16_6">jsan_resources/corpora/amt/hh/hh_16_6.txt</document><document title="hh_17_6">jsan_resources/corpora/amt/hh/hh_17_6.txt</document><document title="hh_18_6">jsan_resources/corpora/amt/hh/hh_18_6.txt</document><document title="hh_19_6">jsan_resources/corpora/amt/hh/hh_19_6.txt</document><document title="hh_20_6">jsan_resources/corpora/amt/hh/hh_20_6.txt</document></author><author name="m"><document title="m_01_1">jsan_resources/corpora/amt/m/m_01_1.txt</document><document title="m_02_1">jsan_resources/corpora/amt/m/m_02_1.txt</document><document title="m_03_1">jsan_resources/corpora/amt/m/m_03_1.txt</document><document title="m_04_1">jsan_resources/corpora/amt/m/m_04_1.txt</document><document title="m_05_1">jsan_resources/corpora/amt/m/m_05_1.txt</document><document title="m_06_1_2">jsan_resources/corpora/amt/m/m_06_1_2.txt</document><document title="m_07_2">jsan_resources/corpora/amt/m/m_07_2.txt</document><document title="m_08_2_3">jsan_resources/corpora/amt/m/m_08_2_3.txt</document><document title="m_09_3">jsan_resources/corpora/amt/m/m_09_3.txt</document><document title="m_10_3_4">jsan_resources/corpora/amt/m/m_10_3_4.txt</document><document title="m_11_4">jsan_resources/corpora/amt/m/m_11_4.txt</document><document title="m_12_4_5">jsan_resources/corpora/amt/m/m_12_4_5.txt</document><document title="m_13_5_6">jsan_resources/corpora/amt/m/m_13_5_6.txt</document><document title="m_14_6">jsan_resources/corpora/amt/m/m_14_6.txt</document></author><author name="mm"><document title="mm_01_1">jsan_resources/corpora/amt/mm/mm_01_1.txt</document><document title="mm_02_1">jsan_resources/corpora/amt/mm/mm_02_1.txt</document><document title="mm_03_1">jsan_resources/corpora/amt/mm/mm_03_1.txt</document><document title="mm_04_1">jsan_resources/corpora/amt/mm/mm_04_1.txt</document><document title="mm_05_1">jsan_resources/corpora/amt/mm/mm_05_1.txt</document><document title="mm_06_1">jsan_resources/corpora/amt/mm/mm_06_1.txt</document><document title="mm_07_1">jsan_resources/corpora/amt/mm/mm_07_1.txt</document><document title="mm_08_1">jsan_resources/corpora/amt/mm/mm_08_1.txt</document><document title="mm_09_1">jsan_resources/corpora/amt/mm/mm_09_1.txt</document><document title="mm_10_1_2">jsan_resources/corpora/amt/mm/mm_10_1_2.txt</document><document title="mm_11_2">jsan_resources/corpora/amt/mm/mm_11_2.txt</document><document title="mm_12_2">jsan_resources/corpora/amt/mm/mm_12_2.txt</document><document title="mm_13_2">jsan_resources/corpora/amt/mm/mm_13_2.txt</document><document title="mm_14_2">jsan_resources/corpora/amt/mm/mm_14_2.txt</document></author><author name="nn"><document title="nn_01_1">jsan_resources/corpora/amt/nn/nn_01_1.txt</document><document title="nn_02_1">jsan_resources/corpora/amt/nn/nn_02_1.txt</document><document title="nn_03_1">jsan_resources/corpora/amt/nn/nn_03_1.txt</document><document title="nn_04_1_2">jsan_resources/corpora/amt/nn/nn_04_1_2.txt</document><document title="nn_05_2">jsan_resources/corpora/amt/nn/nn_05_2.txt</document><document title="nn_06_2">jsan_resources/corpora/amt/nn/nn_06_2.txt</document><document title="nn_07_2">jsan_resources/corpora/amt/nn/nn_07_2.txt</document><document title="nn_08_2_3">jsan_resources/corpora/amt/nn/nn_08_2_3.txt</document><document title="nn_09_3_4">jsan_resources/corpora/amt/nn/nn_09_3_4.txt</document><document title="nn_10_4">jsan_resources/corpora/amt/nn/nn_10_4.txt</document><document title="nn_11_4">jsan_resources/corpora/amt/nn/nn_11_4.txt</document><document title="nn_12_4_5">jsan_resources/corpora/amt/nn/nn_12_4_5.txt</document><document title="nn_13_5">jsan_resources/corpora/amt/nn/nn_13_5.txt</document></author><author name="h"><document title="h_01_1">jsan_resources/corpora/amt/h/h_01_1.txt</document><document title="h_02_1">jsan_resources/corpora/amt/h/h_02_1.txt</document><document title="h_03_1">jsan_resources/corpora/amt/h/h_03_1.txt</document><document title="h_04_1">jsan_resources/corpora/amt/h/h_04_1.txt</document><document title="h_05_1">jsan_resources/corpora/amt/h/h_05_1.txt</document><document title="h_06_1">jsan_resources/corpora/amt/h/h_06_1.txt</document><document title="h_07_1">jsan_resources/corpora/amt/h/h_07_1.txt</document><document title="h_08_1_2">jsan_resources/corpora/amt/h/h_08_1_2.txt</document><document title="h_09_2">jsan_resources/corpora/amt/h/h_09_2.txt</document><document title="h_10_2">jsan_resources/corpora/amt/h/h_10_2.txt</document><document title="h_11_2">jsan_resources/corpora/amt/h/h_11_2.txt</document><document title="h_12_2">jsan_resources/corpora/amt/h/h_12_2.txt</document><document title="h_13_2">jsan_resources/corpora/amt/h/h_13_2.txt</document><document title="h_14_2">jsan_resources/corpora/amt/h/h_14_2.txt</document><document title="h_15_2">jsan_resources/corpora/amt/h/h_15_2.txt</document><document title="h_16_2">jsan_resources/corpora/amt/h/h_16_2.txt</document><document title="h_17_2">jsan_resources/corpora/amt/h/h_17_2.txt</document><document title="h_18_2">jsan_resources/corpora/amt/h/h_18_2.txt</document></author><author name="u"><document title="u_01_1">jsan_resources/corpora/amt/u/u_01_1.txt</document><document title="u_02_1_2">jsan_resources/corpora/amt/u/u_02_1_2.txt</document><document title="u_03_2">jsan_resources/corpora/amt/u/u_03_2.txt</document><document title="u_04_2">jsan_resources/corpora/amt/u/u_04_2.txt</document><document title="u_05_2">jsan_resources/corpora/amt/u/u_05_2.txt</document><document title="u_06_2">jsan_resources/corpora/amt/u/u_06_2.txt</document><document title="u_07_2_3">jsan_resources/corpora/amt/u/u_07_2_3.txt</document><document title="u_08_3">jsan_resources/corpora/amt/u/u_08_3.txt</document><document title="u_09_3_4">jsan_resources/corpora/amt/u/u_09_3_4.txt</document><document title="u_10_4">jsan_resources/corpora/amt/u/u_10_4.txt</document><document title="u_11_4_5">jsan_resources/corpora/amt/u/u_11_4_5.txt</document><document title="u_12_5">jsan_resources/corpora/amt/u/u_12_5.txt</document><document title="u_13_5">jsan_resources/corpora/amt/u/u_13_5.txt</document><document title="u_14_5_6">jsan_resources/corpora/amt/u/u_14_5_6.txt</document><document title="u_15_6">jsan_resources/corpora/amt/u/u_15_6.txt</document></author><author name="pp"><document title="pp_01_1">jsan_resources/corpora/amt/pp/pp_01_1.txt</document><document title="pp_02_1">jsan_resources/corpora/amt/pp/pp_02_1.txt</document><document title="pp_03_1">jsan_resources/corpora/amt/pp/pp_03_1.txt</document><document title="pp_04_1">jsan_resources/corpora/amt/pp/pp_04_1.txt</document><document title="pp_05_1">jsan_resources/corpora/amt/pp/pp_05_1.txt</document><document title="pp_06_1">jsan_resources/corpora/amt/pp/pp_06_1.txt</document><document title="pp_07_1">jsan_resources/corpora/amt/pp/pp_07_1.txt</document><document title="pp_08_1">jsan_resources/corpora/amt/pp/pp_08_1.txt</document><document title="pp_09_1">jsan_resources/corpora/amt/pp/pp_09_1.txt</document><document title="pp_10_1">jsan_resources/corpora/amt/pp/pp_10_1.txt</document><document title="pp_11_1">jsan_resources/corpora/amt/pp/pp_11_1.txt</document><document title="pp_12_1">jsan_resources/corpora/amt/pp/pp_12_1.txt</document><document title="pp_13_1">jsan_resources/corpora/amt/pp/pp_13_1.txt</document><document title="pp_14_1">jsan_resources/corpora/amt/pp/pp_14_1.txt</document><document title="pp_15_1">jsan_resources/corpora/amt/pp/pp_15_1.txt</document><document title="pp_16_1">jsan_resources/corpora/amt/pp/pp_16_1.txt</document><document title="pp_17_1">jsan_resources/corpora/amt/pp/pp_17_1.txt</document><document title="pp_18_1">jsan_resources/corpora/amt/pp/pp_18_1.txt</document><document title="pp_19_1">jsan_resources/corpora/amt/pp/pp_19_1.txt</document><document title="pp_20_1">jsan_resources/corpora/amt/pp/pp_20_1.txt</document><document title="pp_21_1">jsan_resources/corpora/amt/pp/pp_21_1.txt</document><document title="pp_22_1">jsan_resources/corpora/amt/pp/pp_22_1.txt</document></author><author name="t"><document title="t_01_1">jsan_resources/corpora/amt/t/t_01_1.txt</document><document title="t_02_1">jsan_resources/corpora/amt/t/t_02_1.txt</document><document title="t_03_1_2">jsan_resources/corpora/amt/t/t_03_1_2.txt</document><document title="t_04_2">jsan_resources/corpora/amt/t/t_04_2.txt</document><document title="t_05_2">jsan_resources/corpora/amt/t/t_05_2.txt</document><document title="t_06_2_3">jsan_resources/corpora/amt/t/t_06_2_3.txt</document><document title="t_07_3">jsan_resources/corpora/amt/t/t_07_3.txt</document><document title="t_08_3">jsan_resources/corpora/amt/t/t_08_3.txt</document><document title="t_09_3_4">jsan_resources/corpora/amt/t/t_09_3_4.txt</document><document title="t_10_4">jsan_resources/corpora/amt/t/t_10_4.txt</document><document title="t_11_4">jsan_resources/corpora/amt/t/t_11_4.txt</document><document title="t_12_4">jsan_resources/corpora/amt/t/t_12_4.txt</document><document title="t_13_4">jsan_resources/corpora/amt/t/t_13_4.txt</document></author><author name="qq"><document title="qq_01_1">jsan_resources/corpora/amt/qq/qq_01_1.txt</document><document title="qq_02_1">jsan_resources/corpora/amt/qq/qq_02_1.txt</document><document title="qq_03_1">jsan_resources/corpora/amt/qq/qq_03_1.txt</document><document title="qq_04_1">jsan_resources/corpora/amt/qq/qq_04_1.txt</document><document title="qq_05_1">jsan_resources/corpora/amt/qq/qq_05_1.txt</document><document title="qq_06_1_2">jsan_resources/corpora/amt/qq/qq_06_1_2.txt</document><document title="qq_07_2">jsan_resources/corpora/amt/qq/qq_07_2.txt</document><document title="qq_08_2">jsan_resources/corpora/amt/qq/qq_08_2.txt</document><document title="qq_09_2">jsan_resources/corpora/amt/qq/qq_09_2.txt</document><document title="qq_10_2">jsan_resources/corpora/amt/qq/qq_10_2.txt</document><document title="qq_11_2">jsan_resources/corpora/amt/qq/qq_11_2.txt</document><document title="qq_12_2">jsan_resources/corpora/amt/qq/qq_12_2.txt</document><document title="qq_13_2">jsan_resources/corpora/amt/qq/qq_13_2.txt</document><document title="qq_14_2">jsan_resources/corpora/amt/qq/qq_14_2.txt</document><document title="qq_15_2">jsan_resources/corpora/amt/qq/qq_15_2.txt</document><document title="qq_16_2">jsan_resources/corpora/amt/qq/qq_16_2.txt</document><document title="qq_17_2">jsan_resources/corpora/amt/qq/qq_17_2.txt</document><document title="qq_18_2">jsan_resources/corpora/amt/qq/qq_18_2.txt</document><document title="qq_19_2">jsan_resources/corpora/amt/qq/qq_19_2.txt</document><document title="qq_20_2">jsan_resources/corpora/amt/qq/qq_20_2.txt</document><document title="qq_21_2">jsan_resources/corpora/amt/qq/qq_21_2.txt</document><document title="qq_22_2">jsan_resources/corpora/amt/qq/qq_22_2.txt</document><document title="qq_23_2">jsan_resources/corpora/amt/qq/qq_23_2.txt</document></author><author name="x"><document title="x_01_1">jsan_resources/corpora/amt/x/x_01_1.txt</document><document title="x_02_1_2">jsan_resources/corpora/amt/x/x_02_1_2.txt</document><document title="x_03_2">jsan_resources/corpora/amt/x/x_03_2.txt</document><document title="x_04_2">jsan_resources/corpora/amt/x/x_04_2.txt</document><document title="x_05_2">jsan_resources/corpora/amt/x/x_05_2.txt</document><document title="x_06_2_3">jsan_resources/corpora/amt/x/x_06_2_3.txt</document><document title="x_07_3_4">jsan_resources/corpora/amt/x/x_07_3_4.txt</document><document title="x_08_4_5">jsan_resources/corpora/amt/x/x_08_4_5.txt</document><document title="x_09_5">jsan_resources/corpora/amt/x/x_09_5.txt</document><document title="x_10_5">jsan_resources/corpora/amt/x/x_10_5.txt</document><document title="x_11_5">jsan_resources/corpora/amt/x/x_11_5.txt</document><document title="x_12_5">jsan_resources/corpora/amt/x/x_12_5.txt</document><document title="x_13_5">jsan_resources/corpora/amt/x/x_13_5.txt</document></author><author name="bb"><document title="bb_01_1">jsan_resources/corpora/amt/bb/bb_01_1.txt</document><document title="bb_02_1">jsan_resources/corpora/amt/bb/bb_02_1.txt</document><document title="bb_03_1_2">jsan_resources/corpora/amt/bb/bb_03_1_2.txt</document><document title="bb_04_2">jsan_resources/corpora/amt/bb/bb_04_2.txt</document><document title="bb_05_2">jsan_resources/corpora/amt/bb/bb_05_2.txt</document><document title="bb_06_2">jsan_resources/corpora/amt/bb/bb_06_2.txt</document><document title="bb_07_2">jsan_resources/corpora/amt/bb/bb_07_2.txt</document><document title="bb_08_2">jsan_resources/corpora/amt/bb/bb_08_2.txt</document><document title="bb_09_2">jsan_resources/corpora/amt/bb/bb_09_2.txt</document><document title="bb_10_2_3">jsan_resources/corpora/amt/bb/bb_10_2_3.txt</document><document title="bb_11_3">jsan_resources/corpora/amt/bb/bb_11_3.txt</document><document title="bb_12_3_4">jsan_resources/corpora/amt/bb/bb_12_3_4.txt</document><document title="bb_13_4">jsan_resources/corpora/amt/bb/bb_13_4.txt</document><document title="bb_14_4">jsan_resources/corpora/amt/bb/bb_14_4.txt</document><document title="bb_15_4_5">jsan_resources/corpora/amt/bb/bb_15_4_5.txt</document><document title="bb_16_5">jsan_resources/corpora/amt/bb/bb_16_5.txt</document><document title="bb_17_5">jsan_resources/corpora/amt/bb/bb_17_5.txt</document><document title="bb_18_5_6">jsan_resources/corpora/amt/bb/bb_18_5_6.txt</document><document title="bb_19_6">jsan_resources/corpora/amt/bb/bb_19_6.txt</document></author><author name="ll"><document title="ll_01_1">jsan_resources/corpora/amt/ll/ll_01_1.txt</document><document title="ll_02_1">jsan_resources/corpora/amt/ll/ll_02_1.txt</document><document title="ll_03_1_2">jsan_resources/corpora/amt/ll/ll_03_1_2.txt</document><document title="ll_04_2">jsan_resources/corpora/amt/ll/ll_04_2.txt</document><document title="ll_05_2_3">jsan_resources/corpora/amt/ll/ll_05_2_3.txt</document><document title="ll_06_3">jsan_resources/corpora/amt/ll/ll_06_3.txt</document><document title="ll_07_3">jsan_resources/corpora/amt/ll/ll_07_3.txt</document><document title="ll_08_3">jsan_resources/corpora/amt/ll/ll_08_3.txt</document><document title="ll_09_3_4">jsan_resources/corpora/amt/ll/ll_09_3_4.txt</document><document title="ll_10_4_5">jsan_resources/corpora/amt/ll/ll_10_4_5.txt</document><document title="ll_11_5">jsan_resources/corpora/amt/ll/ll_11_5.txt</document><document title="ll_12_5_6">jsan_resources/corpora/amt/ll/ll_12_5_6.txt</document><document title="ll_13_6">jsan_resources/corpora/amt/ll/ll_13_6.txt</document></author><author name="ss"><document title="ss_01_1">jsan_resources/corpora/amt/ss/ss_01_1.txt</document><document title="ss_02_1">jsan_resources/corpora/amt/ss/ss_02_1.txt</document><document title="ss_03_1">jsan_resources/corpora/amt/ss/ss_03_1.txt</document><document title="ss_04_1">jsan_resources/corpora/amt/ss/ss_04_1.txt</document><document title="ss_05_1">jsan_resources/corpora/amt/ss/ss_05_1.txt</document><document title="ss_06_1">jsan_resources/corpora/amt/ss/ss_06_1.txt</document><document title="ss_07_1_2">jsan_resources/corpora/amt/ss/ss_07_1_2.txt</document><document title="ss_08_2">jsan_resources/corpora/amt/ss/ss_08_2.txt</document><document title="ss_09_2">jsan_resources/corpora/amt/ss/ss_09_2.txt</document><document title="ss_10_2">jsan_resources/corpora/amt/ss/ss_10_2.txt</document><document title="ss_11_2">jsan_resources/corpora/amt/ss/ss_11_2.txt</document><document title="ss_12_2">jsan_resources/corpora/amt/ss/ss_12_2.txt</document><document title="ss_13_2">jsan_resources/corpora/amt/ss/ss_13_2.txt</document><document title="ss_14_2_3">jsan_resources/corpora/amt/ss/ss_14_2_3.txt</document><document title="ss_15_3">jsan_resources/corpora/amt/ss/ss_15_3.txt</document></author><author name="uu"><document title="uu_01_1">jsan_resources/corpora/amt/uu/uu_01_1.txt</document><document title="uu_02_1">jsan_resources/corpora/amt/uu/uu_02_1.txt</document><document title="uu_03_1">jsan_resources/corpora/amt/uu/uu_03_1.txt</document><document title="uu_04_1">jsan_resources/corpora/amt/uu/uu_04_1.txt</document><document title="uu_05_1">jsan_resources/corpora/amt/uu/uu_05_1.txt</document><document title="uu_06_1">jsan_resources/corpora/amt/uu/uu_06_1.txt</document><document title="uu_07_1_2">jsan_resources/corpora/amt/uu/uu_07_1_2.txt</document><document title="uu_08_2">jsan_resources/corpora/amt/uu/uu_08_2.txt</document><document title="uu_09_2_3">jsan_resources/corpora/amt/uu/uu_09_2_3.txt</document><document title="uu_10_3">jsan_resources/corpora/amt/uu/uu_10_3.txt</document><document title="uu_11_3">jsan_resources/corpora/amt/uu/uu_11_3.txt</document><document title="uu_12_3_4">jsan_resources/corpora/amt/uu/uu_12_3_4.txt</document><document title="uu_13_4">jsan_resources/corpora/amt/uu/uu_13_4.txt</document><document title="uu_14_4_5">jsan_resources/corpora/amt/uu/uu_14_4_5.txt</document><document title="uu_15_5">jsan_resources/corpora/amt/uu/uu_15_5.txt</document><document title="uu_16_5">jsan_resources/corpora/amt/uu/uu_16_5.txt</document><document title="uu_17_5_6">jsan_resources/corpora/amt/uu/uu_17_5_6.txt</document><document title="uu_18_6">jsan_resources/corpora/amt/uu/uu_18_6.txt</document></author><author name="rr"><document title="rr_01_1">jsan_resources/corpora/amt/rr/rr_01_1.txt</document><document title="rr_02_1">jsan_resources/corpora/amt/rr/rr_02_1.txt</document><document title="rr_03_1_2">jsan_resources/corpora/amt/rr/rr_03_1_2.txt</document><document title="rr_04_2">jsan_resources/corpora/amt/rr/rr_04_2.txt</document><document title="rr_05_2">jsan_resources/corpora/amt/rr/rr_05_2.txt</document><document title="rr_06_2">jsan_resources/corpora/amt/rr/rr_06_2.txt</document><document title="rr_07_2_3">jsan_resources/corpora/amt/rr/rr_07_2_3.txt</document><document title="rr_08_3">jsan_resources/corpora/amt/rr/rr_08_3.txt</document><document title="rr_09_3">jsan_resources/corpora/amt/rr/rr_09_3.txt</document><document title="rr_10_3">jsan_resources/corpora/amt/rr/rr_10_3.txt</document><document title="rr_11_3">jsan_resources/corpora/amt/rr/rr_11_3.txt</document><document title="rr_12_3_4">jsan_resources/corpora/amt/rr/rr_12_3_4.txt</document><document title="rr_13_4">jsan_resources/corpora/amt/rr/rr_13_4.txt</document><document title="rr_14_4">jsan_resources/corpora/amt/rr/rr_14_4.txt</document></author><author name="ww"><document title="ww_01_1">jsan_resources/corpora/amt/ww/ww_01_1.txt</document><document title="ww_02_1">jsan_resources/corpora/amt/ww/ww_02_1.txt</document><document title="ww_03_1">jsan_resources/corpora/amt/ww/ww_03_1.txt</document><document title="ww_04_1_2">jsan_resources/corpora/amt/ww/ww_04_1_2.txt</document><document title="ww_05_2">jsan_resources/corpora/amt/ww/ww_05_2.txt</document><document title="ww_06_2">jsan_resources/corpora/amt/ww/ww_06_2.txt</document><document title="ww_07_2">jsan_resources/corpora/amt/ww/ww_07_2.txt</document><document title="ww_08_2">jsan_resources/corpora/amt/ww/ww_08_2.txt</document><document title="ww_09_2">jsan_resources/corpora/amt/ww/ww_09_2.txt</document><document title="ww_10_2_3">jsan_resources/corpora/amt/ww/ww_10_2_3.txt</document><document title="ww_11_3">jsan_resources/corpora/amt/ww/ww_11_3.txt</document><document title="ww_12_3">jsan_resources/corpora/amt/ww/ww_12_3.txt</document><document title="ww_13_3">jsan_resources/corpora/amt/ww/ww_13_3.txt</document><document title="ww_14_3">jsan_resources/corpora/amt/ww/ww_14_3.txt</document><document title="ww_15_3">jsan_resources/corpora/amt/ww/ww_15_3.txt</document></author><author name="j"><document title="j_01_1">jsan_resources/corpora/amt/j/j_01_1.txt</document><document title="j_02_1_2">jsan_resources/corpora/amt/j/j_02_1_2.txt</document><document title="j_03_2">jsan_resources/corpora/amt/j/j_03_2.txt</document><document title="j_04_2_3">jsan_resources/corpora/amt/j/j_04_2_3.txt</document><document title="j_05_3">jsan_resources/corpora/amt/j/j_05_3.txt</document><document title="j_06_3_4">jsan_resources/corpora/amt/j/j_06_3_4.txt</document><document title="j_07_4">jsan_resources/corpora/amt/j/j_07_4.txt</document><document title="j_08_4">jsan_resources/corpora/amt/j/j_08_4.txt</document><document title="j_09_4">jsan_resources/corpora/amt/j/j_09_4.txt</document><document title="j_10_4">jsan_resources/corpora/amt/j/j_10_4.txt</document><document title="j_11_4">jsan_resources/corpora/amt/j/j_11_4.txt</document><document title="j_12_4">jsan_resources/corpora/amt/j/j_12_4.txt</document><document title="j_13_4">jsan_resources/corpora/amt/j/j_13_4.txt</document><document title="j_14_4_5">jsan_resources/corpora/amt/j/j_14_4_5.txt</document><document title="j_15_5_6">jsan_resources/corpora/amt/j/j_15_5_6.txt</document></author><author name="s"><document title="s_01_1">jsan_resources/corpora/amt/s/s_01_1.txt</document><document title="s_02_1">jsan_resources/corpora/amt/s/s_02_1.txt</document><document title="s_03_1">jsan_resources/corpora/amt/s/s_03_1.txt</document><document title="s_04_1">jsan_resources/corpora/amt/s/s_04_1.txt</document><document title="s_05_1">jsan_resources/corpora/amt/s/s_05_1.txt</document><document title="s_06_1">jsan_resources/corpora/amt/s/s_06_1.txt</document><document title="s_07_1_2">jsan_resources/corpora/amt/s/s_07_1_2.txt</document><document title="s_08_2_3">jsan_resources/corpora/amt/s/s_08_2_3.txt</document><document title="s_09_3">jsan_resources/corpora/amt/s/s_09_3.txt</document><document title="s_10_3_4">jsan_resources/corpora/amt/s/s_10_3_4.txt</document><document title="s_11_4">jsan_resources/corpora/amt/s/s_11_4.txt</document><document title="s_12_4">jsan_resources/corpora/amt/s/s_12_4.txt</document><document title="s_13_4_5">jsan_resources/corpora/amt/s/s_13_4_5.txt</document><document title="s_14_5">jsan_resources/corpora/amt/s/s_14_5.txt</document></author><author name="l"><document title="l_01_1">jsan_resources/corpora/amt/l/l_01_1.txt</document><document title="l_02_1">jsan_resources/corpora/amt/l/l_02_1.txt</document><document title="l_03_1">jsan_resources/corpora/amt/l/l_03_1.txt</document><document title="l_04_1">jsan_resources/corpora/amt/l/l_04_1.txt</document><document title="l_05_1">jsan_resources/corpora/amt/l/l_05_1.txt</document><document title="l_06_1_2">jsan_resources/corpora/amt/l/l_06_1_2.txt</document><document title="l_07_2_3">jsan_resources/corpora/amt/l/l_07_2_3.txt</document><document title="l_08_3">jsan_resources/corpora/amt/l/l_08_3.txt</document><document title="l_09_3_4">jsan_resources/corpora/amt/l/l_09_3_4.txt</document><document title="l_10_4">jsan_resources/corpora/amt/l/l_10_4.txt</document><document title="l_11_4_5">jsan_resources/corpora/amt/l/l_11_4_5.txt</document><document title="l_12_4">jsan_resources/corpora/amt/l/l_12_4.txt</document><document title="l_13_4_5">jsan_resources/corpora/amt/l/l_13_4_5.txt</document><document title="l_14_6">jsan_resources/corpora/amt/l/l_14_6.txt</document></author><author name="jj"><document title="jj_01_1">jsan_resources/corpora/amt/jj/jj_01_1.txt</document><document title="jj_02_1">jsan_resources/corpora/amt/jj/jj_02_1.txt</document><document title="jj_03_1">jsan_resources/corpora/amt/jj/jj_03_1.txt</document><document title="jj_04_1">jsan_resources/corpora/amt/jj/jj_04_1.txt</document><document title="jj_05_1">jsan_resources/corpora/amt/jj/jj_05_1.txt</document><document title="jj_06_1">jsan_resources/corpora/amt/jj/jj_06_1.txt</document><document title="jj_07_1">jsan_resources/corpora/amt/jj/jj_07_1.txt</document><document title="jj_08_1">jsan_resources/corpora/amt/jj/jj_08_1.txt</document><document title="jj_09_1">jsan_resources/corpora/amt/jj/jj_09_1.txt</document><document title="jj_10_1">jsan_resources/corpora/amt/jj/jj_10_1.txt</document><document title="jj_11_1_2">jsan_resources/corpora/amt/jj/jj_11_1_2.txt</document><document title="jj_12_2_3">jsan_resources/corpora/amt/jj/jj_12_2_3.txt</document><document title="jj_13_3">jsan_resources/corpora/amt/jj/jj_13_3.txt</document><document title="jj_14_3">jsan_resources/corpora/amt/jj/jj_14_3.txt</document><document title="jj_15_3">jsan_resources/corpora/amt/jj/jj_15_3.txt</document></author><author name="o"><document title="o_01_1">jsan_resources/corpora/amt/o/o_01_1.txt</document><document title="o_02_1_2">jsan_resources/corpora/amt/o/o_02_1_2.txt</document><document title="o_03_2">jsan_resources/corpora/amt/o/o_03_2.txt</document><document title="o_04_2_3">jsan_resources/corpora/amt/o/o_04_2_3.txt</document><document title="o_05_3_4">jsan_resources/corpora/amt/o/o_05_3_4.txt</document><document title="o_06_4">jsan_resources/corpora/amt/o/o_06_4.txt</document><document title="o_07_4">jsan_resources/corpora/amt/o/o_07_4.txt</document><document title="o_08_4_5">jsan_resources/corpora/amt/o/o_08_4_5.txt</document><document title="o_09_5">jsan_resources/corpora/amt/o/o_09_5.txt</document><document title="o_10_5">jsan_resources/corpora/amt/o/o_10_5.txt</document><document title="o_11_5_6">jsan_resources/corpora/amt/o/o_11_5_6.txt</document><document title="o_12_6_7">jsan_resources/corpora/amt/o/o_12_6_7.txt</document><document title="o_13_7">jsan_resources/corpora/amt/o/o_13_7.txt</document><document title="o_14_7">jsan_resources/corpora/amt/o/o_14_7.txt</document><document title="o_15_7_8">jsan_resources/corpora/amt/o/o_15_7_8.txt</document></author><author name="cc"><document title="cc_01_1">jsan_resources/corpora/amt/cc/cc_01_1.txt</document><document title="cc_02_1">jsan_resources/corpora/amt/cc/cc_02_1.txt</document><document title="cc_03_1">jsan_resources/corpora/amt/cc/cc_03_1.txt</document><document title="cc_04_1">jsan_resources/corpora/amt/cc/cc_04_1.txt</document><document title="cc_05_1_2">jsan_resources/corpora/amt/cc/cc_05_1_2.txt</document><document title="cc_06_2">jsan_resources/corpora/amt/cc/cc_06_2.txt</document><document title="cc_07_2">jsan_resources/corpora/amt/cc/cc_07_2.txt</document><document title="cc_08_2">jsan_resources/corpora/amt/cc/cc_08_2.txt</document><document title="cc_09_2">jsan_resources/corpora/amt/cc/cc_09_2.txt</document><document title="cc_10_2">jsan_resources/corpora/amt/cc/cc_10_2.txt</document><document title="cc_11_2">jsan_resources/corpora/amt/cc/cc_11_2.txt</document><document title="cc_12_2_3">jsan_resources/corpora/amt/cc/cc_12_2_3.txt</document><document title="cc_13_3">jsan_resources/corpora/amt/cc/cc_13_3.txt</document><document title="cc_14_3">jsan_resources/corpora/amt/cc/cc_14_3.txt</document><document title="cc_15_3_4">jsan_resources/corpora/amt/cc/cc_15_3_4.txt</document><document title="cc_16_4">jsan_resources/corpora/amt/cc/cc_16_4.txt</document><document title="cc_17_4">jsan_resources/corpora/amt/cc/cc_17_4.txt</document><document title="cc_18_4">jsan_resources/corpora/amt/cc/cc_18_4.txt</document></author></training></problem-set>