<?xml version="1.0" encoding="UTF-8" standalone="no"?><problem-set><training name="author_detect_10_18"><author name="j"><document title="j_01_1">jsan_resources/corpora/amt/j/j_01_1.txt</document><document title="j_02_1_2">jsan_resources/corpora/amt/j/j_02_1_2.txt</document><document title="j_03_2">jsan_resources/corpora/amt/j/j_03_2.txt</document><document title="j_04_2_3">jsan_resources/corpora/amt/j/j_04_2_3.txt</document><document title="j_05_3">jsan_resources/corpora/amt/j/j_05_3.txt</document><document title="j_06_3_4">jsan_resources/corpora/amt/j/j_06_3_4.txt</document><document title="j_07_4">jsan_resources/corpora/amt/j/j_07_4.txt</document><document title="j_08_4">jsan_resources/corpora/amt/j/j_08_4.txt</document><document title="j_09_4">jsan_resources/corpora/amt/j/j_09_4.txt</document><document title="j_10_4">jsan_resources/corpora/amt/j/j_10_4.txt</document><document title="j_11_4">jsan_resources/corpora/amt/j/j_11_4.txt</document><document title="j_12_4">jsan_resources/corpora/amt/j/j_12_4.txt</document><document title="j_13_4">jsan_resources/corpora/amt/j/j_13_4.txt</document><document title="j_14_4_5">jsan_resources/corpora/amt/j/j_14_4_5.txt</document><document title="j_15_5_6">jsan_resources/corpora/amt/j/j_15_5_6.txt</document></author><author name="n"><document title="n_01_1">jsan_resources/corpora/amt/n/n_01_1.txt</document><document title="n_02_1_2">jsan_resources/corpora/amt/n/n_02_1_2.txt</document><document title="n_03_2">jsan_resources/corpora/amt/n/n_03_2.txt</document><document title="n_04_2_3">jsan_resources/corpora/amt/n/n_04_2_3.txt</document><document title="n_05_3">jsan_resources/corpora/amt/n/n_05_3.txt</document><document title="n_06_3_4">jsan_resources/corpora/amt/n/n_06_3_4.txt</document><document title="n_07_4">jsan_resources/corpora/amt/n/n_07_4.txt</document><document title="n_08_4">jsan_resources/corpora/amt/n/n_08_4.txt</document><document title="n_09_4">jsan_resources/corpora/amt/n/n_09_4.txt</document><document title="n_10_4">jsan_resources/corpora/amt/n/n_10_4.txt</document><document title="n_11_4_5">jsan_resources/corpora/amt/n/n_11_4_5.txt</document><document title="n_12_5_6">jsan_resources/corpora/amt/n/n_12_5_6.txt</document><document title="n_13_6">jsan_resources/corpora/amt/n/n_13_6.txt</document></author><author name="vv"><document title="vv_01_1">jsan_resources/corpora/amt/vv/vv_01_1.txt</document><document title="vv_02_1_2">jsan_resources/corpora/amt/vv/vv_02_1_2.txt</document><document title="vv_03_2">jsan_resources/corpora/amt/vv/vv_03_2.txt</document><document title="vv_04_2_3">jsan_resources/corpora/amt/vv/vv_04_2_3.txt</document><document title="vv_05_3_4">jsan_resources/corpora/amt/vv/vv_05_3_4.txt</document><document title="vv_06_4">jsan_resources/corpora/amt/vv/vv_06_4.txt</document><document title="vv_07_4">jsan_resources/corpora/amt/vv/vv_07_4.txt</document><document title="vv_08_4">jsan_resources/corpora/amt/vv/vv_08_4.txt</document><document title="vv_09_4">jsan_resources/corpora/amt/vv/vv_09_4.txt</document><document title="vv_10_4">jsan_resources/corpora/amt/vv/vv_10_4.txt</document><document title="vv_11_4_5">jsan_resources/corpora/amt/vv/vv_11_4_5.txt</document><document title="vv_12_5_6">jsan_resources/corpora/amt/vv/vv_12_5_6.txt</document><document title="vv_13_6">jsan_resources/corpora/amt/vv/vv_13_6.txt</document><document title="vv_14_6">jsan_resources/corpora/amt/vv/vv_14_6.txt</document></author><author name="z"><document title="z_01_1">jsan_resources/corpora/amt/z/z_01_1.txt</document><document title="z_02_1_2">jsan_resources/corpora/amt/z/z_02_1_2.txt</document><document title="z_03_2">jsan_resources/corpora/amt/z/z_03_2.txt</document><document title="z_04_2">jsan_resources/corpora/amt/z/z_04_2.txt</document><document title="z_05_2">jsan_resources/corpora/amt/z/z_05_2.txt</document><document title="z_06_2">jsan_resources/corpora/amt/z/z_06_2.txt</document><document title="z_07_2_3">jsan_resources/corpora/amt/z/z_07_2_3.txt</document><document title="z_08_3">jsan_resources/corpora/amt/z/z_08_3.txt</document><document title="z_09_3">jsan_resources/corpora/amt/z/z_09_3.txt</document><document title="z_10_3">jsan_resources/corpora/amt/z/z_10_3.txt</document><document title="z_11_3">jsan_resources/corpora/amt/z/z_11_3.txt</document><document title="z_12_3">jsan_resources/corpora/amt/z/z_12_3.txt</document><document title="z_13_3_4">jsan_resources/corpora/amt/z/z_13_3_4.txt</document></author><author name="e"><document title="e_01_1">jsan_resources/corpora/amt/e/e_01_1.txt</document><document title="e_02_1">jsan_resources/corpora/amt/e/e_02_1.txt</document><document title="e_03_1_2">jsan_resources/corpora/amt/e/e_03_1_2.txt</document><document title="e_04_2">jsan_resources/corpora/amt/e/e_04_2.txt</document><document title="e_05_2">jsan_resources/corpora/amt/e/e_05_2.txt</document><document title="e_06_2">jsan_resources/corpora/amt/e/e_06_2.txt</document><document title="e_07_2">jsan_resources/corpora/amt/e/e_07_2.txt</document><document title="e_08_2_3">jsan_resources/corpora/amt/e/e_08_2_3.txt</document><document title="e_09_3">jsan_resources/corpora/amt/e/e_09_3.txt</document><document title="e_10_3">jsan_resources/corpora/amt/e/e_10_3.txt</document><document title="e_11_3">jsan_resources/corpora/amt/e/e_11_3.txt</document><document title="e_12_3">jsan_resources/corpora/amt/e/e_12_3.txt</document><document title="e_13_3_4">jsan_resources/corpora/amt/e/e_13_3_4.txt</document><document title="e_14_4">jsan_resources/corpora/amt/e/e_14_4.txt</document><document title="e_15_4">jsan_resources/corpora/amt/e/e_15_4.txt</document><document title="e_16_4">jsan_resources/corpora/amt/e/e_16_4.txt</document></author><author name="w"><document title="w_01_1">jsan_resources/corpora/amt/w/w_01_1.txt</document><document title="w_02_1">jsan_resources/corpora/amt/w/w_02_1.txt</document><document title="w_03_1_2">jsan_resources/corpora/amt/w/w_03_1_2.txt</document><document title="w_04_2">jsan_resources/corpora/amt/w/w_04_2.txt</document><document title="w_05_2">jsan_resources/corpora/amt/w/w_05_2.txt</document><document title="w_06_2">jsan_resources/corpora/amt/w/w_06_2.txt</document><document title="w_07_2">jsan_resources/corpora/amt/w/w_07_2.txt</document><document title="w_08_2">jsan_resources/corpora/amt/w/w_08_2.txt</document><document title="w_09_2">jsan_resources/corpora/amt/w/w_09_2.txt</document><document title="w_10_2_3">jsan_resources/corpora/amt/w/w_10_2_3.txt</document><document title="w_11_3_4">jsan_resources/corpora/amt/w/w_11_3_4.txt</document><document title="w_12_4">jsan_resources/corpora/amt/w/w_12_4.txt</document><document title="w_13_4_5">jsan_resources/corpora/amt/w/w_13_4_5.txt</document><document title="w_14_5">jsan_resources/corpora/amt/w/w_14_5.txt</document></author><author name="gg"><document title="gg_01_1">jsan_resources/corpora/amt/gg/gg_01_1.txt</document><document title="gg_02_1">jsan_resources/corpora/amt/gg/gg_02_1.txt</document><document title="gg_03_1">jsan_resources/corpora/amt/gg/gg_03_1.txt</document><document title="gg_04_1_2">jsan_resources/corpora/amt/gg/gg_04_1_2.txt</document><document title="gg_05_2">jsan_resources/corpora/amt/gg/gg_05_2.txt</document><document title="gg_06_2">jsan_resources/corpora/amt/gg/gg_06_2.txt</document><document title="gg_07_2">jsan_resources/corpora/amt/gg/gg_07_2.txt</document><document title="gg_08_2">jsan_resources/corpora/amt/gg/gg_08_2.txt</document><document title="gg_09_2_3">jsan_resources/corpora/amt/gg/gg_09_2_3.txt</document><document title="gg_10_3_4">jsan_resources/corpora/amt/gg/gg_10_3_4.txt</document><document title="gg_11_4_5">jsan_resources/corpora/amt/gg/gg_11_4_5.txt</document><document title="gg_12_5_6">jsan_resources/corpora/amt/gg/gg_12_5_6.txt</document><document title="gg_13_6">jsan_resources/corpora/amt/gg/gg_13_6.txt</document><document title="gg_14_6">jsan_resources/corpora/amt/gg/gg_14_6.txt</document></author><author name="c"><document title="c_01_1">jsan_resources/corpora/amt/c/c_01_1.txt</document><document title="c_02_1">jsan_resources/corpora/amt/c/c_02_1.txt</document><document title="c_03_1">jsan_resources/corpora/amt/c/c_03_1.txt</document><document title="c_04_1">jsan_resources/corpora/amt/c/c_04_1.txt</document><document title="c_05_1">jsan_resources/corpora/amt/c/c_05_1.txt</document><document title="c_06_1">jsan_resources/corpora/amt/c/c_06_1.txt</document><document title="c_07_1">jsan_resources/corpora/amt/c/c_07_1.txt</document><document title="c_08_1">jsan_resources/corpora/amt/c/c_08_1.txt</document><document title="c_09_1">jsan_resources/corpora/amt/c/c_09_1.txt</document><document title="c_10_1">jsan_resources/corpora/amt/c/c_10_1.txt</document><document title="c_11_1">jsan_resources/corpora/amt/c/c_11_1.txt</document><document title="c_12_1_2">jsan_resources/corpora/amt/c/c_12_1_2.txt</document><document title="c_13_2">jsan_resources/corpora/amt/c/c_13_2.txt</document><document title="c_14_2">jsan_resources/corpora/amt/c/c_14_2.txt</document><document title="c_15_2">jsan_resources/corpora/amt/c/c_15_2.txt</document><document title="c_16_2">jsan_resources/corpora/amt/c/c_16_2.txt</document><document title="c_17_2">jsan_resources/corpora/amt/c/c_17_2.txt</document><document title="c_18_2">jsan_resources/corpora/amt/c/c_18_2.txt</document></author><author name="aa"><document title="aa_01_1">jsan_resources/corpora/amt/aa/aa_01_1.txt</document><document title="aa_02_1_2">jsan_resources/corpora/amt/aa/aa_02_1_2.txt</document><document title="aa_03_2">jsan_resources/corpora/amt/aa/aa_03_2.txt</document><document title="aa_04_2">jsan_resources/corpora/amt/aa/aa_04_2.txt</document><document title="aa_05_2">jsan_resources/corpora/amt/aa/aa_05_2.txt</document><document title="aa_06_2_3">jsan_resources/corpora/amt/aa/aa_06_2_3.txt</document><document title="aa_07_3_4">jsan_resources/corpora/amt/aa/aa_07_3_4.txt</document><document title="aa_08_4">jsan_resources/corpora/amt/aa/aa_08_4.txt</document><document title="aa_09_4">jsan_resources/corpora/amt/aa/aa_09_4.txt</document><document title="aa_10_4">jsan_resources/corpora/amt/aa/aa_10_4.txt</document><document title="aa_11_4">jsan_resources/corpora/amt/aa/aa_11_4.txt</document><document title="aa_12_4_5">jsan_resources/corpora/amt/aa/aa_12_4_5.txt</document><document title="aa_13_5_6">jsan_resources/corpora/amt/aa/aa_13_5_6.txt</document><document title="aa_14_6">jsan_resources/corpora/amt/aa/aa_14_6.txt</document></author><author name="ff"><document title="ff_01_1">jsan_resources/corpora/amt/ff/ff_01_1.txt</document><document title="ff_02_1">jsan_resources/corpora/amt/ff/ff_02_1.txt</document><document title="ff_03_1">jsan_resources/corpora/amt/ff/ff_03_1.txt</document><document title="ff_04_1">jsan_resources/corpora/amt/ff/ff_04_1.txt</document><document title="ff_05_1">jsan_resources/corpora/amt/ff/ff_05_1.txt</document><document title="ff_06_1">jsan_resources/corpora/amt/ff/ff_06_1.txt</document><document title="ff_07_1_2">jsan_resources/corpora/amt/ff/ff_07_1_2.txt</document><document title="ff_08_2">jsan_resources/corpora/amt/ff/ff_08_2.txt</document><document title="ff_09_2">jsan_resources/corpora/amt/ff/ff_09_2.txt</document><document title="ff_10_2">jsan_resources/corpora/amt/ff/ff_10_2.txt</document><document title="ff_11_2">jsan_resources/corpora/amt/ff/ff_11_2.txt</document><document title="ff_12_2">jsan_resources/corpora/amt/ff/ff_12_2.txt</document><document title="ff_13_2">jsan_resources/corpora/amt/ff/ff_13_2.txt</document><document title="ff_14_2">jsan_resources/corpora/amt/ff/ff_14_2.txt</document></author></training></problem-set>