<?xml version="1.0" encoding="UTF-8" standalone="no"?><problem-set><training name="author_detect_5_25"><author name="dd"><document title="dd_01_1">jsan_resources/corpora/amt/dd/dd_01_1.txt</document><document title="dd_02_1">jsan_resources/corpora/amt/dd/dd_02_1.txt</document><document title="dd_03_1">jsan_resources/corpora/amt/dd/dd_03_1.txt</document><document title="dd_04_1">jsan_resources/corpora/amt/dd/dd_04_1.txt</document><document title="dd_05_1_2">jsan_resources/corpora/amt/dd/dd_05_1_2.txt</document><document title="dd_06_2">jsan_resources/corpora/amt/dd/dd_06_2.txt</document><document title="dd_07_2_3">jsan_resources/corpora/amt/dd/dd_07_2_3.txt</document><document title="dd_08_3_4">jsan_resources/corpora/amt/dd/dd_08_3_4.txt</document><document title="dd_09_4">jsan_resources/corpora/amt/dd/dd_09_4.txt</document><document title="dd_10_4_5">jsan_resources/corpora/amt/dd/dd_10_4_5.txt</document><document title="dd_11_5_6">jsan_resources/corpora/amt/dd/dd_11_5_6.txt</document><document title="dd_12_6">jsan_resources/corpora/amt/dd/dd_12_6.txt</document><document title="dd_13_6">jsan_resources/corpora/amt/dd/dd_13_6.txt</document><document title="dd_14_6">jsan_resources/corpora/amt/dd/dd_14_6.txt</document></author><author name="y"><document title="y_01_1">jsan_resources/corpora/amt/y/y_01_1.txt</document><document title="y_02_1">jsan_resources/corpora/amt/y/y_02_1.txt</document><document title="y_03_1_2">jsan_resources/corpora/amt/y/y_03_1_2.txt</document><document title="y_04_2">jsan_resources/corpora/amt/y/y_04_2.txt</document><document title="y_05_2">jsan_resources/corpora/amt/y/y_05_2.txt</document><document title="y_06_2">jsan_resources/corpora/amt/y/y_06_2.txt</document><document title="y_07_2">jsan_resources/corpora/amt/y/y_07_2.txt</document><document title="y_08_2">jsan_resources/corpora/amt/y/y_08_2.txt</document><document title="y_09_2_3">jsan_resources/corpora/amt/y/y_09_2_3.txt</document><document title="y_10_3">jsan_resources/corpora/amt/y/y_10_3.txt</document><document title="y_11_3">jsan_resources/corpora/amt/y/y_11_3.txt</document><document title="y_12_3">jsan_resources/corpora/amt/y/y_12_3.txt</document><document title="y_13_3">jsan_resources/corpora/amt/y/y_13_3.txt</document></author><author name="vv"><document title="vv_01_1">jsan_resources/corpora/amt/vv/vv_01_1.txt</document><document title="vv_02_1_2">jsan_resources/corpora/amt/vv/vv_02_1_2.txt</document><document title="vv_03_2">jsan_resources/corpora/amt/vv/vv_03_2.txt</document><document title="vv_04_2_3">jsan_resources/corpora/amt/vv/vv_04_2_3.txt</document><document title="vv_05_3_4">jsan_resources/corpora/amt/vv/vv_05_3_4.txt</document><document title="vv_06_4">jsan_resources/corpora/amt/vv/vv_06_4.txt</document><document title="vv_07_4">jsan_resources/corpora/amt/vv/vv_07_4.txt</document><document title="vv_08_4">jsan_resources/corpora/amt/vv/vv_08_4.txt</document><document title="vv_09_4">jsan_resources/corpora/amt/vv/vv_09_4.txt</document><document title="vv_10_4">jsan_resources/corpora/amt/vv/vv_10_4.txt</document><document title="vv_11_4_5">jsan_resources/corpora/amt/vv/vv_11_4_5.txt</document><document title="vv_12_5_6">jsan_resources/corpora/amt/vv/vv_12_5_6.txt</document><document title="vv_13_6">jsan_resources/corpora/amt/vv/vv_13_6.txt</document><document title="vv_14_6">jsan_resources/corpora/amt/vv/vv_14_6.txt</document></author><author name="bb"><document title="bb_01_1">jsan_resources/corpora/amt/bb/bb_01_1.txt</document><document title="bb_02_1">jsan_resources/corpora/amt/bb/bb_02_1.txt</document><document title="bb_03_1_2">jsan_resources/corpora/amt/bb/bb_03_1_2.txt</document><document title="bb_04_2">jsan_resources/corpora/amt/bb/bb_04_2.txt</document><document title="bb_05_2">jsan_resources/corpora/amt/bb/bb_05_2.txt</document><document title="bb_06_2">jsan_resources/corpora/amt/bb/bb_06_2.txt</document><document title="bb_07_2">jsan_resources/corpora/amt/bb/bb_07_2.txt</document><document title="bb_08_2">jsan_resources/corpora/amt/bb/bb_08_2.txt</document><document title="bb_09_2">jsan_resources/corpora/amt/bb/bb_09_2.txt</document><document title="bb_10_2_3">jsan_resources/corpora/amt/bb/bb_10_2_3.txt</document><document title="bb_11_3">jsan_resources/corpora/amt/bb/bb_11_3.txt</document><document title="bb_12_3_4">jsan_resources/corpora/amt/bb/bb_12_3_4.txt</document><document title="bb_13_4">jsan_resources/corpora/amt/bb/bb_13_4.txt</document><document title="bb_14_4">jsan_resources/corpora/amt/bb/bb_14_4.txt</document><document title="bb_15_4_5">jsan_resources/corpora/amt/bb/bb_15_4_5.txt</document><document title="bb_16_5">jsan_resources/corpora/amt/bb/bb_16_5.txt</document><document title="bb_17_5">jsan_resources/corpora/amt/bb/bb_17_5.txt</document><document title="bb_18_5_6">jsan_resources/corpora/amt/bb/bb_18_5_6.txt</document><document title="bb_19_6">jsan_resources/corpora/amt/bb/bb_19_6.txt</document></author><author name="ll"><document title="ll_01_1">jsan_resources/corpora/amt/ll/ll_01_1.txt</document><document title="ll_02_1">jsan_resources/corpora/amt/ll/ll_02_1.txt</document><document title="ll_03_1_2">jsan_resources/corpora/amt/ll/ll_03_1_2.txt</document><document title="ll_04_2">jsan_resources/corpora/amt/ll/ll_04_2.txt</document><document title="ll_05_2_3">jsan_resources/corpora/amt/ll/ll_05_2_3.txt</document><document title="ll_06_3">jsan_resources/corpora/amt/ll/ll_06_3.txt</document><document title="ll_07_3">jsan_resources/corpora/amt/ll/ll_07_3.txt</document><document title="ll_08_3">jsan_resources/corpora/amt/ll/ll_08_3.txt</document><document title="ll_09_3_4">jsan_resources/corpora/amt/ll/ll_09_3_4.txt</document><document title="ll_10_4_5">jsan_resources/corpora/amt/ll/ll_10_4_5.txt</document><document title="ll_11_5">jsan_resources/corpora/amt/ll/ll_11_5.txt</document><document title="ll_12_5_6">jsan_resources/corpora/amt/ll/ll_12_5_6.txt</document><document title="ll_13_6">jsan_resources/corpora/amt/ll/ll_13_6.txt</document></author></training></problem-set>