<?xml version="1.0" encoding="UTF-8" standalone="no"?><problem-set><training name="author_detect_25_21"><author name="e"><document title="e_01_1">jsan_resources/corpora/amt/e/e_01_1.txt</document><document title="e_02_1">jsan_resources/corpora/amt/e/e_02_1.txt</document><document title="e_03_1_2">jsan_resources/corpora/amt/e/e_03_1_2.txt</document><document title="e_04_2">jsan_resources/corpora/amt/e/e_04_2.txt</document><document title="e_05_2">jsan_resources/corpora/amt/e/e_05_2.txt</document><document title="e_06_2">jsan_resources/corpora/amt/e/e_06_2.txt</document><document title="e_07_2">jsan_resources/corpora/amt/e/e_07_2.txt</document><document title="e_08_2_3">jsan_resources/corpora/amt/e/e_08_2_3.txt</document><document title="e_09_3">jsan_resources/corpora/amt/e/e_09_3.txt</document><document title="e_10_3">jsan_resources/corpora/amt/e/e_10_3.txt</document><document title="e_11_3">jsan_resources/corpora/amt/e/e_11_3.txt</document><document title="e_12_3">jsan_resources/corpora/amt/e/e_12_3.txt</document><document title="e_13_3_4">jsan_resources/corpora/amt/e/e_13_3_4.txt</document><document title="e_14_4">jsan_resources/corpora/amt/e/e_14_4.txt</document><document title="e_15_4">jsan_resources/corpora/amt/e/e_15_4.txt</document><document title="e_16_4">jsan_resources/corpora/amt/e/e_16_4.txt</document></author><author name="uu"><document title="uu_01_1">jsan_resources/corpora/amt/uu/uu_01_1.txt</document><document title="uu_02_1">jsan_resources/corpora/amt/uu/uu_02_1.txt</document><document title="uu_03_1">jsan_resources/corpora/amt/uu/uu_03_1.txt</document><document title="uu_04_1">jsan_resources/corpora/amt/uu/uu_04_1.txt</document><document title="uu_05_1">jsan_resources/corpora/amt/uu/uu_05_1.txt</document><document title="uu_06_1">jsan_resources/corpora/amt/uu/uu_06_1.txt</document><document title="uu_07_1_2">jsan_resources/corpora/amt/uu/uu_07_1_2.txt</document><document title="uu_08_2">jsan_resources/corpora/amt/uu/uu_08_2.txt</document><document title="uu_09_2_3">jsan_resources/corpora/amt/uu/uu_09_2_3.txt</document><document title="uu_10_3">jsan_resources/corpora/amt/uu/uu_10_3.txt</document><document title="uu_11_3">jsan_resources/corpora/amt/uu/uu_11_3.txt</document><document title="uu_12_3_4">jsan_resources/corpora/amt/uu/uu_12_3_4.txt</document><document title="uu_13_4">jsan_resources/corpora/amt/uu/uu_13_4.txt</document><document title="uu_14_4_5">jsan_resources/corpora/amt/uu/uu_14_4_5.txt</document><document title="uu_15_5">jsan_resources/corpora/amt/uu/uu_15_5.txt</document><document title="uu_16_5">jsan_resources/corpora/amt/uu/uu_16_5.txt</document><document title="uu_17_5_6">jsan_resources/corpora/amt/uu/uu_17_5_6.txt</document><document title="uu_18_6">jsan_resources/corpora/amt/uu/uu_18_6.txt</document></author><author name="aa"><document title="aa_01_1">jsan_resources/corpora/amt/aa/aa_01_1.txt</document><document title="aa_02_1_2">jsan_resources/corpora/amt/aa/aa_02_1_2.txt</document><document title="aa_03_2">jsan_resources/corpora/amt/aa/aa_03_2.txt</document><document title="aa_04_2">jsan_resources/corpora/amt/aa/aa_04_2.txt</document><document title="aa_05_2">jsan_resources/corpora/amt/aa/aa_05_2.txt</document><document title="aa_06_2_3">jsan_resources/corpora/amt/aa/aa_06_2_3.txt</document><document title="aa_07_3_4">jsan_resources/corpora/amt/aa/aa_07_3_4.txt</document><document title="aa_08_4">jsan_resources/corpora/amt/aa/aa_08_4.txt</document><document title="aa_09_4">jsan_resources/corpora/amt/aa/aa_09_4.txt</document><document title="aa_10_4">jsan_resources/corpora/amt/aa/aa_10_4.txt</document><document title="aa_11_4">jsan_resources/corpora/amt/aa/aa_11_4.txt</document><document title="aa_12_4_5">jsan_resources/corpora/amt/aa/aa_12_4_5.txt</document><document title="aa_13_5_6">jsan_resources/corpora/amt/aa/aa_13_5_6.txt</document><document title="aa_14_6">jsan_resources/corpora/amt/aa/aa_14_6.txt</document></author><author name="t"><document title="t_01_1">jsan_resources/corpora/amt/t/t_01_1.txt</document><document title="t_02_1">jsan_resources/corpora/amt/t/t_02_1.txt</document><document title="t_03_1_2">jsan_resources/corpora/amt/t/t_03_1_2.txt</document><document title="t_04_2">jsan_resources/corpora/amt/t/t_04_2.txt</document><document title="t_05_2">jsan_resources/corpora/amt/t/t_05_2.txt</document><document title="t_06_2_3">jsan_resources/corpora/amt/t/t_06_2_3.txt</document><document title="t_07_3">jsan_resources/corpora/amt/t/t_07_3.txt</document><document title="t_08_3">jsan_resources/corpora/amt/t/t_08_3.txt</document><document title="t_09_3_4">jsan_resources/corpora/amt/t/t_09_3_4.txt</document><document title="t_10_4">jsan_resources/corpora/amt/t/t_10_4.txt</document><document title="t_11_4">jsan_resources/corpora/amt/t/t_11_4.txt</document><document title="t_12_4">jsan_resources/corpora/amt/t/t_12_4.txt</document><document title="t_13_4">jsan_resources/corpora/amt/t/t_13_4.txt</document></author><author name="x"><document title="x_01_1">jsan_resources/corpora/amt/x/x_01_1.txt</document><document title="x_02_1_2">jsan_resources/corpora/amt/x/x_02_1_2.txt</document><document title="x_03_2">jsan_resources/corpora/amt/x/x_03_2.txt</document><document title="x_04_2">jsan_resources/corpora/amt/x/x_04_2.txt</document><document title="x_05_2">jsan_resources/corpora/amt/x/x_05_2.txt</document><document title="x_06_2_3">jsan_resources/corpora/amt/x/x_06_2_3.txt</document><document title="x_07_3_4">jsan_resources/corpora/amt/x/x_07_3_4.txt</document><document title="x_08_4_5">jsan_resources/corpora/amt/x/x_08_4_5.txt</document><document title="x_09_5">jsan_resources/corpora/amt/x/x_09_5.txt</document><document title="x_10_5">jsan_resources/corpora/amt/x/x_10_5.txt</document><document title="x_11_5">jsan_resources/corpora/amt/x/x_11_5.txt</document><document title="x_12_5">jsan_resources/corpora/amt/x/x_12_5.txt</document><document title="x_13_5">jsan_resources/corpora/amt/x/x_13_5.txt</document></author><author name="hh"><document title="hh_01_1">jsan_resources/corpora/amt/hh/hh_01_1.txt</document><document title="hh_02_1_2">jsan_resources/corpora/amt/hh/hh_02_1_2.txt</document><document title="hh_03_2">jsan_resources/corpora/amt/hh/hh_03_2.txt</document><document title="hh_04_2">jsan_resources/corpora/amt/hh/hh_04_2.txt</document><document title="hh_05_2">jsan_resources/corpora/amt/hh/hh_05_2.txt</document><document title="hh_06_2">jsan_resources/corpora/amt/hh/hh_06_2.txt</document><document title="hh_07_2_3">jsan_resources/corpora/amt/hh/hh_07_2_3.txt</document><document title="hh_08_3">jsan_resources/corpora/amt/hh/hh_08_3.txt</document><document title="hh_09_3_4">jsan_resources/corpora/amt/hh/hh_09_3_4.txt</document><document title="hh_10_4">jsan_resources/corpora/amt/hh/hh_10_4.txt</document><document title="hh_11_4_5">jsan_resources/corpora/amt/hh/hh_11_4_5.txt</document><document title="hh_12_5">jsan_resources/corpora/amt/hh/hh_12_5.txt</document><document title="hh_13_5">jsan_resources/corpora/amt/hh/hh_13_5.txt</document><document title="hh_14_5">jsan_resources/corpora/amt/hh/hh_14_5.txt</document><document title="hh_15_5_6">jsan_resources/corpora/amt/hh/hh_15_5_6.txt</document><document title="hh_16_6">jsan_resources/corpora/amt/hh/hh_16_6.txt</document><document title="hh_17_6">jsan_resources/corpora/amt/hh/hh_17_6.txt</document><document title="hh_18_6">jsan_resources/corpora/amt/hh/hh_18_6.txt</document><document title="hh_19_6">jsan_resources/corpora/amt/hh/hh_19_6.txt</document><document title="hh_20_6">jsan_resources/corpora/amt/hh/hh_20_6.txt</document></author><author name="nn"><document title="nn_01_1">jsan_resources/corpora/amt/nn/nn_01_1.txt</document><document title="nn_02_1">jsan_resources/corpora/amt/nn/nn_02_1.txt</document><document title="nn_03_1">jsan_resources/corpora/amt/nn/nn_03_1.txt</document><document title="nn_04_1_2">jsan_resources/corpora/amt/nn/nn_04_1_2.txt</document><document title="nn_05_2">jsan_resources/corpora/amt/nn/nn_05_2.txt</document><document title="nn_06_2">jsan_resources/corpora/amt/nn/nn_06_2.txt</document><document title="nn_07_2">jsan_resources/corpora/amt/nn/nn_07_2.txt</document><document title="nn_08_2_3">jsan_resources/corpora/amt/nn/nn_08_2_3.txt</document><document title="nn_09_3_4">jsan_resources/corpora/amt/nn/nn_09_3_4.txt</document><document title="nn_10_4">jsan_resources/corpora/amt/nn/nn_10_4.txt</document><document title="nn_11_4">jsan_resources/corpora/amt/nn/nn_11_4.txt</document><document title="nn_12_4_5">jsan_resources/corpora/amt/nn/nn_12_4_5.txt</document><document title="nn_13_5">jsan_resources/corpora/amt/nn/nn_13_5.txt</document></author><author name="jj"><document title="jj_01_1">jsan_resources/corpora/amt/jj/jj_01_1.txt</document><document title="jj_02_1">jsan_resources/corpora/amt/jj/jj_02_1.txt</document><document title="jj_03_1">jsan_resources/corpora/amt/jj/jj_03_1.txt</document><document title="jj_04_1">jsan_resources/corpora/amt/jj/jj_04_1.txt</document><document title="jj_05_1">jsan_resources/corpora/amt/jj/jj_05_1.txt</document><document title="jj_06_1">jsan_resources/corpora/amt/jj/jj_06_1.txt</document><document title="jj_07_1">jsan_resources/corpora/amt/jj/jj_07_1.txt</document><document title="jj_08_1">jsan_resources/corpora/amt/jj/jj_08_1.txt</document><document title="jj_09_1">jsan_resources/corpora/amt/jj/jj_09_1.txt</document><document title="jj_10_1">jsan_resources/corpora/amt/jj/jj_10_1.txt</document><document title="jj_11_1_2">jsan_resources/corpora/amt/jj/jj_11_1_2.txt</document><document title="jj_12_2_3">jsan_resources/corpora/amt/jj/jj_12_2_3.txt</document><document title="jj_13_3">jsan_resources/corpora/amt/jj/jj_13_3.txt</document><document title="jj_14_3">jsan_resources/corpora/amt/jj/jj_14_3.txt</document><document title="jj_15_3">jsan_resources/corpora/amt/jj/jj_15_3.txt</document></author><author name="y"><document title="y_01_1">jsan_resources/corpora/amt/y/y_01_1.txt</document><document title="y_02_1">jsan_resources/corpora/amt/y/y_02_1.txt</document><document title="y_03_1_2">jsan_resources/corpora/amt/y/y_03_1_2.txt</document><document title="y_04_2">jsan_resources/corpora/amt/y/y_04_2.txt</document><document title="y_05_2">jsan_resources/corpora/amt/y/y_05_2.txt</document><document title="y_06_2">jsan_resources/corpora/amt/y/y_06_2.txt</document><document title="y_07_2">jsan_resources/corpora/amt/y/y_07_2.txt</document><document title="y_08_2">jsan_resources/corpora/amt/y/y_08_2.txt</document><document title="y_09_2_3">jsan_resources/corpora/amt/y/y_09_2_3.txt</document><document title="y_10_3">jsan_resources/corpora/amt/y/y_10_3.txt</document><document title="y_11_3">jsan_resources/corpora/amt/y/y_11_3.txt</document><document title="y_12_3">jsan_resources/corpora/amt/y/y_12_3.txt</document><document title="y_13_3">jsan_resources/corpora/amt/y/y_13_3.txt</document></author><author name="j"><document title="j_01_1">jsan_resources/corpora/amt/j/j_01_1.txt</document><document title="j_02_1_2">jsan_resources/corpora/amt/j/j_02_1_2.txt</document><document title="j_03_2">jsan_resources/corpora/amt/j/j_03_2.txt</document><document title="j_04_2_3">jsan_resources/corpora/amt/j/j_04_2_3.txt</document><document title="j_05_3">jsan_resources/corpora/amt/j/j_05_3.txt</document><document title="j_06_3_4">jsan_resources/corpora/amt/j/j_06_3_4.txt</document><document title="j_07_4">jsan_resources/corpora/amt/j/j_07_4.txt</document><document title="j_08_4">jsan_resources/corpora/amt/j/j_08_4.txt</document><document title="j_09_4">jsan_resources/corpora/amt/j/j_09_4.txt</document><document title="j_10_4">jsan_resources/corpora/amt/j/j_10_4.txt</document><document title="j_11_4">jsan_resources/corpora/amt/j/j_11_4.txt</document><document title="j_12_4">jsan_resources/corpora/amt/j/j_12_4.txt</document><document title="j_13_4">jsan_resources/corpora/amt/j/j_13_4.txt</document><document title="j_14_4_5">jsan_resources/corpora/amt/j/j_14_4_5.txt</document><document title="j_15_5_6">jsan_resources/corpora/amt/j/j_15_5_6.txt</document></author><author name="w"><document title="w_01_1">jsan_resources/corpora/amt/w/w_01_1.txt</document><document title="w_02_1">jsan_resources/corpora/amt/w/w_02_1.txt</document><document title="w_03_1_2">jsan_resources/corpora/amt/w/w_03_1_2.txt</document><document title="w_04_2">jsan_resources/corpora/amt/w/w_04_2.txt</document><document title="w_05_2">jsan_resources/corpora/amt/w/w_05_2.txt</document><document title="w_06_2">jsan_resources/corpora/amt/w/w_06_2.txt</document><document title="w_07_2">jsan_resources/corpora/amt/w/w_07_2.txt</document><document title="w_08_2">jsan_resources/corpora/amt/w/w_08_2.txt</document><document title="w_09_2">jsan_resources/corpora/amt/w/w_09_2.txt</document><document title="w_10_2_3">jsan_resources/corpora/amt/w/w_10_2_3.txt</document><document title="w_11_3_4">jsan_resources/corpora/amt/w/w_11_3_4.txt</document><document title="w_12_4">jsan_resources/corpora/amt/w/w_12_4.txt</document><document title="w_13_4_5">jsan_resources/corpora/amt/w/w_13_4_5.txt</document><document title="w_14_5">jsan_resources/corpora/amt/w/w_14_5.txt</document></author><author name="ll"><document title="ll_01_1">jsan_resources/corpora/amt/ll/ll_01_1.txt</document><document title="ll_02_1">jsan_resources/corpora/amt/ll/ll_02_1.txt</document><document title="ll_03_1_2">jsan_resources/corpora/amt/ll/ll_03_1_2.txt</document><document title="ll_04_2">jsan_resources/corpora/amt/ll/ll_04_2.txt</document><document title="ll_05_2_3">jsan_resources/corpora/amt/ll/ll_05_2_3.txt</document><document title="ll_06_3">jsan_resources/corpora/amt/ll/ll_06_3.txt</document><document title="ll_07_3">jsan_resources/corpora/amt/ll/ll_07_3.txt</document><document title="ll_08_3">jsan_resources/corpora/amt/ll/ll_08_3.txt</document><document title="ll_09_3_4">jsan_resources/corpora/amt/ll/ll_09_3_4.txt</document><document title="ll_10_4_5">jsan_resources/corpora/amt/ll/ll_10_4_5.txt</document><document title="ll_11_5">jsan_resources/corpora/amt/ll/ll_11_5.txt</document><document title="ll_12_5_6">jsan_resources/corpora/amt/ll/ll_12_5_6.txt</document><document title="ll_13_6">jsan_resources/corpora/amt/ll/ll_13_6.txt</document></author><author name="cc"><document title="cc_01_1">jsan_resources/corpora/amt/cc/cc_01_1.txt</document><document title="cc_02_1">jsan_resources/corpora/amt/cc/cc_02_1.txt</document><document title="cc_03_1">jsan_resources/corpora/amt/cc/cc_03_1.txt</document><document title="cc_04_1">jsan_resources/corpora/amt/cc/cc_04_1.txt</document><document title="cc_05_1_2">jsan_resources/corpora/amt/cc/cc_05_1_2.txt</document><document title="cc_06_2">jsan_resources/corpora/amt/cc/cc_06_2.txt</document><document title="cc_07_2">jsan_resources/corpora/amt/cc/cc_07_2.txt</document><document title="cc_08_2">jsan_resources/corpora/amt/cc/cc_08_2.txt</document><document title="cc_09_2">jsan_resources/corpora/amt/cc/cc_09_2.txt</document><document title="cc_10_2">jsan_resources/corpora/amt/cc/cc_10_2.txt</document><document title="cc_11_2">jsan_resources/corpora/amt/cc/cc_11_2.txt</document><document title="cc_12_2_3">jsan_resources/corpora/amt/cc/cc_12_2_3.txt</document><document title="cc_13_3">jsan_resources/corpora/amt/cc/cc_13_3.txt</document><document title="cc_14_3">jsan_resources/corpora/amt/cc/cc_14_3.txt</document><document title="cc_15_3_4">jsan_resources/corpora/amt/cc/cc_15_3_4.txt</document><document title="cc_16_4">jsan_resources/corpora/amt/cc/cc_16_4.txt</document><document title="cc_17_4">jsan_resources/corpora/amt/cc/cc_17_4.txt</document><document title="cc_18_4">jsan_resources/corpora/amt/cc/cc_18_4.txt</document></author><author name="ss"><document title="ss_01_1">jsan_resources/corpora/amt/ss/ss_01_1.txt</document><document title="ss_02_1">jsan_resources/corpora/amt/ss/ss_02_1.txt</document><document title="ss_03_1">jsan_resources/corpora/amt/ss/ss_03_1.txt</document><document title="ss_04_1">jsan_resources/corpora/amt/ss/ss_04_1.txt</document><document title="ss_05_1">jsan_resources/corpora/amt/ss/ss_05_1.txt</document><document title="ss_06_1">jsan_resources/corpora/amt/ss/ss_06_1.txt</document><document title="ss_07_1_2">jsan_resources/corpora/amt/ss/ss_07_1_2.txt</document><document title="ss_08_2">jsan_resources/corpora/amt/ss/ss_08_2.txt</document><document title="ss_09_2">jsan_resources/corpora/amt/ss/ss_09_2.txt</document><document title="ss_10_2">jsan_resources/corpora/amt/ss/ss_10_2.txt</document><document title="ss_11_2">jsan_resources/corpora/amt/ss/ss_11_2.txt</document><document title="ss_12_2">jsan_resources/corpora/amt/ss/ss_12_2.txt</document><document title="ss_13_2">jsan_resources/corpora/amt/ss/ss_13_2.txt</document><document title="ss_14_2_3">jsan_resources/corpora/amt/ss/ss_14_2_3.txt</document><document title="ss_15_3">jsan_resources/corpora/amt/ss/ss_15_3.txt</document></author><author name="ii"><document title="ii_01_1">jsan_resources/corpora/amt/ii/ii_01_1.txt</document><document title="ii_02_1">jsan_resources/corpora/amt/ii/ii_02_1.txt</document><document title="ii_03_1_2">jsan_resources/corpora/amt/ii/ii_03_1_2.txt</document><document title="ii_04_2_3">jsan_resources/corpora/amt/ii/ii_04_2_3.txt</document><document title="ii_05_3">jsan_resources/corpora/amt/ii/ii_05_3.txt</document><document title="ii_06_3">jsan_resources/corpora/amt/ii/ii_06_3.txt</document><document title="ii_07_3_4">jsan_resources/corpora/amt/ii/ii_07_3_4.txt</document><document title="ii_08_4">jsan_resources/corpora/amt/ii/ii_08_4.txt</document><document title="ii_09_4_5">jsan_resources/corpora/amt/ii/ii_09_4_5.txt</document><document title="ii_10_5">jsan_resources/corpora/amt/ii/ii_10_5.txt</document><document title="ii_11_5">jsan_resources/corpora/amt/ii/ii_11_5.txt</document><document title="ii_12_5_6">jsan_resources/corpora/amt/ii/ii_12_5_6.txt</document><document title="ii_13_6">jsan_resources/corpora/amt/ii/ii_13_6.txt</document><document title="ii_14_6">jsan_resources/corpora/amt/ii/ii_14_6.txt</document></author><author name="bb"><document title="bb_01_1">jsan_resources/corpora/amt/bb/bb_01_1.txt</document><document title="bb_02_1">jsan_resources/corpora/amt/bb/bb_02_1.txt</document><document title="bb_03_1_2">jsan_resources/corpora/amt/bb/bb_03_1_2.txt</document><document title="bb_04_2">jsan_resources/corpora/amt/bb/bb_04_2.txt</document><document title="bb_05_2">jsan_resources/corpora/amt/bb/bb_05_2.txt</document><document title="bb_06_2">jsan_resources/corpora/amt/bb/bb_06_2.txt</document><document title="bb_07_2">jsan_resources/corpora/amt/bb/bb_07_2.txt</document><document title="bb_08_2">jsan_resources/corpora/amt/bb/bb_08_2.txt</document><document title="bb_09_2">jsan_resources/corpora/amt/bb/bb_09_2.txt</document><document title="bb_10_2_3">jsan_resources/corpora/amt/bb/bb_10_2_3.txt</document><document title="bb_11_3">jsan_resources/corpora/amt/bb/bb_11_3.txt</document><document title="bb_12_3_4">jsan_resources/corpora/amt/bb/bb_12_3_4.txt</document><document title="bb_13_4">jsan_resources/corpora/amt/bb/bb_13_4.txt</document><document title="bb_14_4">jsan_resources/corpora/amt/bb/bb_14_4.txt</document><document title="bb_15_4_5">jsan_resources/corpora/amt/bb/bb_15_4_5.txt</document><document title="bb_16_5">jsan_resources/corpora/amt/bb/bb_16_5.txt</document><document title="bb_17_5">jsan_resources/corpora/amt/bb/bb_17_5.txt</document><document title="bb_18_5_6">jsan_resources/corpora/amt/bb/bb_18_5_6.txt</document><document title="bb_19_6">jsan_resources/corpora/amt/bb/bb_19_6.txt</document></author><author name="p"><document title="p_01_1">jsan_resources/corpora/amt/p/p_01_1.txt</document><document title="p_02_1">jsan_resources/corpora/amt/p/p_02_1.txt</document><document title="p_03_1">jsan_resources/corpora/amt/p/p_03_1.txt</document><document title="p_04_1">jsan_resources/corpora/amt/p/p_04_1.txt</document><document title="p_05_1">jsan_resources/corpora/amt/p/p_05_1.txt</document><document title="p_06_1">jsan_resources/corpora/amt/p/p_06_1.txt</document><document title="p_07_1">jsan_resources/corpora/amt/p/p_07_1.txt</document><document title="p_08_1_2">jsan_resources/corpora/amt/p/p_08_1_2.txt</document><document title="p_09_2">jsan_resources/corpora/amt/p/p_09_2.txt</document><document title="p_10_2">jsan_resources/corpora/amt/p/p_10_2.txt</document><document title="p_11_2">jsan_resources/corpora/amt/p/p_11_2.txt</document><document title="p_12_2">jsan_resources/corpora/amt/p/p_12_2.txt</document><document title="p_13_2_3">jsan_resources/corpora/amt/p/p_13_2_3.txt</document><document title="p_14_3">jsan_resources/corpora/amt/p/p_14_3.txt</document><document title="p_15_3">jsan_resources/corpora/amt/p/p_15_3.txt</document><document title="p_16_3">jsan_resources/corpora/amt/p/p_16_3.txt</document><document title="p_17_3">jsan_resources/corpora/amt/p/p_17_3.txt</document><document title="p_18_3">jsan_resources/corpora/amt/p/p_18_3.txt</document><document title="p_19_3">jsan_resources/corpora/amt/p/p_19_3.txt</document><document title="p_20_3">jsan_resources/corpora/amt/p/p_20_3.txt</document></author><author name="q"><document title="q_01_1">jsan_resources/corpora/amt/q/q_01_1.txt</document><document title="q_02_1">jsan_resources/corpora/amt/q/q_02_1.txt</document><document title="q_03_1">jsan_resources/corpora/amt/q/q_03_1.txt</document><document title="q_04_1">jsan_resources/corpora/amt/q/q_04_1.txt</document><document title="q_05_1">jsan_resources/corpora/amt/q/q_05_1.txt</document><document title="q_06_1">jsan_resources/corpora/amt/q/q_06_1.txt</document><document title="q_07_1">jsan_resources/corpora/amt/q/q_07_1.txt</document><document title="q_08_1">jsan_resources/corpora/amt/q/q_08_1.txt</document><document title="q_09_1">jsan_resources/corpora/amt/q/q_09_1.txt</document><document title="q_10_1_2">jsan_resources/corpora/amt/q/q_10_1_2.txt</document><document title="q_11_2">jsan_resources/corpora/amt/q/q_11_2.txt</document><document title="q_12_2">jsan_resources/corpora/amt/q/q_12_2.txt</document><document title="q_13_2">jsan_resources/corpora/amt/q/q_13_2.txt</document><document title="q_14_2_3">jsan_resources/corpora/amt/q/q_14_2_3.txt</document><document title="q_15_3">jsan_resources/corpora/amt/q/q_15_3.txt</document></author><author name="n"><document title="n_01_1">jsan_resources/corpora/amt/n/n_01_1.txt</document><document title="n_02_1_2">jsan_resources/corpora/amt/n/n_02_1_2.txt</document><document title="n_03_2">jsan_resources/corpora/amt/n/n_03_2.txt</document><document title="n_04_2_3">jsan_resources/corpora/amt/n/n_04_2_3.txt</document><document title="n_05_3">jsan_resources/corpora/amt/n/n_05_3.txt</document><document title="n_06_3_4">jsan_resources/corpora/amt/n/n_06_3_4.txt</document><document title="n_07_4">jsan_resources/corpora/amt/n/n_07_4.txt</document><document title="n_08_4">jsan_resources/corpora/amt/n/n_08_4.txt</document><document title="n_09_4">jsan_resources/corpora/amt/n/n_09_4.txt</document><document title="n_10_4">jsan_resources/corpora/amt/n/n_10_4.txt</document><document title="n_11_4_5">jsan_resources/corpora/amt/n/n_11_4_5.txt</document><document title="n_12_5_6">jsan_resources/corpora/amt/n/n_12_5_6.txt</document><document title="n_13_6">jsan_resources/corpora/amt/n/n_13_6.txt</document></author><author name="s"><document title="s_01_1">jsan_resources/corpora/amt/s/s_01_1.txt</document><document title="s_02_1">jsan_resources/corpora/amt/s/s_02_1.txt</document><document title="s_03_1">jsan_resources/corpora/amt/s/s_03_1.txt</document><document title="s_04_1">jsan_resources/corpora/amt/s/s_04_1.txt</document><document title="s_05_1">jsan_resources/corpora/amt/s/s_05_1.txt</document><document title="s_06_1">jsan_resources/corpora/amt/s/s_06_1.txt</document><document title="s_07_1_2">jsan_resources/corpora/amt/s/s_07_1_2.txt</document><document title="s_08_2_3">jsan_resources/corpora/amt/s/s_08_2_3.txt</document><document title="s_09_3">jsan_resources/corpora/amt/s/s_09_3.txt</document><document title="s_10_3_4">jsan_resources/corpora/amt/s/s_10_3_4.txt</document><document title="s_11_4">jsan_resources/corpora/amt/s/s_11_4.txt</document><document title="s_12_4">jsan_resources/corpora/amt/s/s_12_4.txt</document><document title="s_13_4_5">jsan_resources/corpora/amt/s/s_13_4_5.txt</document><document title="s_14_5">jsan_resources/corpora/amt/s/s_14_5.txt</document></author><author name="ff"><document title="ff_01_1">jsan_resources/corpora/amt/ff/ff_01_1.txt</document><document title="ff_02_1">jsan_resources/corpora/amt/ff/ff_02_1.txt</document><document title="ff_03_1">jsan_resources/corpora/amt/ff/ff_03_1.txt</document><document title="ff_04_1">jsan_resources/corpora/amt/ff/ff_04_1.txt</document><document title="ff_05_1">jsan_resources/corpora/amt/ff/ff_05_1.txt</document><document title="ff_06_1">jsan_resources/corpora/amt/ff/ff_06_1.txt</document><document title="ff_07_1_2">jsan_resources/corpora/amt/ff/ff_07_1_2.txt</document><document title="ff_08_2">jsan_resources/corpora/amt/ff/ff_08_2.txt</document><document title="ff_09_2">jsan_resources/corpora/amt/ff/ff_09_2.txt</document><document title="ff_10_2">jsan_resources/corpora/amt/ff/ff_10_2.txt</document><document title="ff_11_2">jsan_resources/corpora/amt/ff/ff_11_2.txt</document><document title="ff_12_2">jsan_resources/corpora/amt/ff/ff_12_2.txt</document><document title="ff_13_2">jsan_resources/corpora/amt/ff/ff_13_2.txt</document><document title="ff_14_2">jsan_resources/corpora/amt/ff/ff_14_2.txt</document></author><author name="k"><document title="k_01_1">jsan_resources/corpora/amt/k/k_01_1.txt</document><document title="k_02_1">jsan_resources/corpora/amt/k/k_02_1.txt</document><document title="k_03_1">jsan_resources/corpora/amt/k/k_03_1.txt</document><document title="k_04_1_2">jsan_resources/corpora/amt/k/k_04_1_2.txt</document><document title="k_05_2">jsan_resources/corpora/amt/k/k_05_2.txt</document><document title="k_06_2">jsan_resources/corpora/amt/k/k_06_2.txt</document><document title="k_07_2">jsan_resources/corpora/amt/k/k_07_2.txt</document><document title="k_08_2">jsan_resources/corpora/amt/k/k_08_2.txt</document><document title="k_09_2">jsan_resources/corpora/amt/k/k_09_2.txt</document><document title="k_10_2">jsan_resources/corpora/amt/k/k_10_2.txt</document><document title="k_11_2">jsan_resources/corpora/amt/k/k_11_2.txt</document><document title="k_12_2">jsan_resources/corpora/amt/k/k_12_2.txt</document><document title="k_13_2">jsan_resources/corpora/amt/k/k_13_2.txt</document><document title="k_14_2">jsan_resources/corpora/amt/k/k_14_2.txt</document><document title="k_15_2">jsan_resources/corpora/amt/k/k_15_2.txt</document><document title="k_16_2_3">jsan_resources/corpora/amt/k/k_16_2_3.txt</document><document title="k_17_3">jsan_resources/corpora/amt/k/k_17_3.txt</document><document title="k_18_3">jsan_resources/corpora/amt/k/k_18_3.txt</document><document title="k_19_3">jsan_resources/corpora/amt/k/k_19_3.txt</document></author><author name="f"><document title="f_01_1">jsan_resources/corpora/amt/f/f_01_1.txt</document><document title="f_02_1">jsan_resources/corpora/amt/f/f_02_1.txt</document><document title="f_03_1_2">jsan_resources/corpora/amt/f/f_03_1_2.txt</document><document title="f_04_2">jsan_resources/corpora/amt/f/f_04_2.txt</document><document title="f_05_2">jsan_resources/corpora/amt/f/f_05_2.txt</document><document title="f_06_2">jsan_resources/corpora/amt/f/f_06_2.txt</document><document title="f_07_2">jsan_resources/corpora/amt/f/f_07_2.txt</document><document title="f_08_2">jsan_resources/corpora/amt/f/f_08_2.txt</document><document title="f_09_2">jsan_resources/corpora/amt/f/f_09_2.txt</document><document title="f_10_2_3">jsan_resources/corpora/amt/f/f_10_2_3.txt</document><document title="f_11_3">jsan_resources/corpora/amt/f/f_11_3.txt</document><document title="f_12_3">jsan_resources/corpora/amt/f/f_12_3.txt</document><document title="f_13_3">jsan_resources/corpora/amt/f/f_13_3.txt</document><document title="f_14_3">jsan_resources/corpora/amt/f/f_14_3.txt</document><document title="f_15_3">jsan_resources/corpora/amt/f/f_15_3.txt</document><document title="f_16_3">jsan_resources/corpora/amt/f/f_16_3.txt</document><document title="f_17_3">jsan_resources/corpora/amt/f/f_17_3.txt</document></author><author name="r"><document title="r_01_1">jsan_resources/corpora/amt/r/r_01_1.txt</document><document title="r_02_1">jsan_resources/corpora/amt/r/r_02_1.txt</document><document title="r_03_1_2">jsan_resources/corpora/amt/r/r_03_1_2.txt</document><document title="r_04_2">jsan_resources/corpora/amt/r/r_04_2.txt</document><document title="r_05_2">jsan_resources/corpora/amt/r/r_05_2.txt</document><document title="r_06_2">jsan_resources/corpora/amt/r/r_06_2.txt</document><document title="r_07_2_3">jsan_resources/corpora/amt/r/r_07_2_3.txt</document><document title="r_08_3_4">jsan_resources/corpora/amt/r/r_08_3_4.txt</document><document title="r_09_4">jsan_resources/corpora/amt/r/r_09_4.txt</document><document title="r_10_4_5">jsan_resources/corpora/amt/r/r_10_4_5.txt</document><document title="r_11_5">jsan_resources/corpora/amt/r/r_11_5.txt</document><document title="r_12_5_6">jsan_resources/corpora/amt/r/r_12_5_6.txt</document><document title="r_13_6">jsan_resources/corpora/amt/r/r_13_6.txt</document><document title="r_14_6">jsan_resources/corpora/amt/r/r_14_6.txt</document></author><author name="i"><document title="i_01_1">jsan_resources/corpora/amt/i/i_01_1.txt</document><document title="i_02_1_2">jsan_resources/corpora/amt/i/i_02_1_2.txt</document><document title="i_03_2">jsan_resources/corpora/amt/i/i_03_2.txt</document><document title="i_04_2_3">jsan_resources/corpora/amt/i/i_04_2_3.txt</document><document title="i_05_3">jsan_resources/corpora/amt/i/i_05_3.txt</document><document title="i_06_3">jsan_resources/corpora/amt/i/i_06_3.txt</document><document title="i_07_3">jsan_resources/corpora/amt/i/i_07_3.txt</document><document title="i_08_3">jsan_resources/corpora/amt/i/i_08_3.txt</document><document title="i_09_3_4">jsan_resources/corpora/amt/i/i_09_3_4.txt</document><document title="i_10_4">jsan_resources/corpora/amt/i/i_10_4.txt</document><document title="i_11_4">jsan_resources/corpora/amt/i/i_11_4.txt</document><document title="i_12_4_5">jsan_resources/corpora/amt/i/i_12_4_5.txt</document><document title="i_13_5_6">jsan_resources/corpora/amt/i/i_13_5_6.txt</document><document title="i_14_6">jsan_resources/corpora/amt/i/i_14_6.txt</document></author></training></problem-set>