<?xml version="1.0" encoding="UTF-8" standalone="no"?><problem-set><training name="author_detect_5_89"><author name="qq"><document title="qq_01_1">jsan_resources/corpora/amt/qq/qq_01_1.txt</document><document title="qq_02_1">jsan_resources/corpora/amt/qq/qq_02_1.txt</document><document title="qq_03_1">jsan_resources/corpora/amt/qq/qq_03_1.txt</document><document title="qq_04_1">jsan_resources/corpora/amt/qq/qq_04_1.txt</document><document title="qq_05_1">jsan_resources/corpora/amt/qq/qq_05_1.txt</document><document title="qq_06_1_2">jsan_resources/corpora/amt/qq/qq_06_1_2.txt</document><document title="qq_07_2">jsan_resources/corpora/amt/qq/qq_07_2.txt</document><document title="qq_08_2">jsan_resources/corpora/amt/qq/qq_08_2.txt</document><document title="qq_09_2">jsan_resources/corpora/amt/qq/qq_09_2.txt</document><document title="qq_10_2">jsan_resources/corpora/amt/qq/qq_10_2.txt</document><document title="qq_11_2">jsan_resources/corpora/amt/qq/qq_11_2.txt</document><document title="qq_12_2">jsan_resources/corpora/amt/qq/qq_12_2.txt</document><document title="qq_13_2">jsan_resources/corpora/amt/qq/qq_13_2.txt</document><document title="qq_14_2">jsan_resources/corpora/amt/qq/qq_14_2.txt</document><document title="qq_15_2">jsan_resources/corpora/amt/qq/qq_15_2.txt</document><document title="qq_16_2">jsan_resources/corpora/amt/qq/qq_16_2.txt</document><document title="qq_17_2">jsan_resources/corpora/amt/qq/qq_17_2.txt</document><document title="qq_18_2">jsan_resources/corpora/amt/qq/qq_18_2.txt</document><document title="qq_19_2">jsan_resources/corpora/amt/qq/qq_19_2.txt</document><document title="qq_20_2">jsan_resources/corpora/amt/qq/qq_20_2.txt</document><document title="qq_21_2">jsan_resources/corpora/amt/qq/qq_21_2.txt</document><document title="qq_22_2">jsan_resources/corpora/amt/qq/qq_22_2.txt</document><document title="qq_23_2">jsan_resources/corpora/amt/qq/qq_23_2.txt</document></author><author name="l"><document title="l_01_1">jsan_resources/corpora/amt/l/l_01_1.txt</document><document title="l_02_1">jsan_resources/corpora/amt/l/l_02_1.txt</document><document title="l_03_1">jsan_resources/corpora/amt/l/l_03_1.txt</document><document title="l_04_1">jsan_resources/corpora/amt/l/l_04_1.txt</document><document title="l_05_1">jsan_resources/corpora/amt/l/l_05_1.txt</document><document title="l_06_1_2">jsan_resources/corpora/amt/l/l_06_1_2.txt</document><document title="l_07_2_3">jsan_resources/corpora/amt/l/l_07_2_3.txt</document><document title="l_08_3">jsan_resources/corpora/amt/l/l_08_3.txt</document><document title="l_09_3_4">jsan_resources/corpora/amt/l/l_09_3_4.txt</document><document title="l_10_4">jsan_resources/corpora/amt/l/l_10_4.txt</document><document title="l_11_4_5">jsan_resources/corpora/amt/l/l_11_4_5.txt</document><document title="l_12_4">jsan_resources/corpora/amt/l/l_12_4.txt</document><document title="l_13_4_5">jsan_resources/corpora/amt/l/l_13_4_5.txt</document><document title="l_14_6">jsan_resources/corpora/amt/l/l_14_6.txt</document></author><author name="nn"><document title="nn_01_1">jsan_resources/corpora/amt/nn/nn_01_1.txt</document><document title="nn_02_1">jsan_resources/corpora/amt/nn/nn_02_1.txt</document><document title="nn_03_1">jsan_resources/corpora/amt/nn/nn_03_1.txt</document><document title="nn_04_1_2">jsan_resources/corpora/amt/nn/nn_04_1_2.txt</document><document title="nn_05_2">jsan_resources/corpora/amt/nn/nn_05_2.txt</document><document title="nn_06_2">jsan_resources/corpora/amt/nn/nn_06_2.txt</document><document title="nn_07_2">jsan_resources/corpora/amt/nn/nn_07_2.txt</document><document title="nn_08_2_3">jsan_resources/corpora/amt/nn/nn_08_2_3.txt</document><document title="nn_09_3_4">jsan_resources/corpora/amt/nn/nn_09_3_4.txt</document><document title="nn_10_4">jsan_resources/corpora/amt/nn/nn_10_4.txt</document><document title="nn_11_4">jsan_resources/corpora/amt/nn/nn_11_4.txt</document><document title="nn_12_4_5">jsan_resources/corpora/amt/nn/nn_12_4_5.txt</document><document title="nn_13_5">jsan_resources/corpora/amt/nn/nn_13_5.txt</document></author><author name="w"><document title="w_01_1">jsan_resources/corpora/amt/w/w_01_1.txt</document><document title="w_02_1">jsan_resources/corpora/amt/w/w_02_1.txt</document><document title="w_03_1_2">jsan_resources/corpora/amt/w/w_03_1_2.txt</document><document title="w_04_2">jsan_resources/corpora/amt/w/w_04_2.txt</document><document title="w_05_2">jsan_resources/corpora/amt/w/w_05_2.txt</document><document title="w_06_2">jsan_resources/corpora/amt/w/w_06_2.txt</document><document title="w_07_2">jsan_resources/corpora/amt/w/w_07_2.txt</document><document title="w_08_2">jsan_resources/corpora/amt/w/w_08_2.txt</document><document title="w_09_2">jsan_resources/corpora/amt/w/w_09_2.txt</document><document title="w_10_2_3">jsan_resources/corpora/amt/w/w_10_2_3.txt</document><document title="w_11_3_4">jsan_resources/corpora/amt/w/w_11_3_4.txt</document><document title="w_12_4">jsan_resources/corpora/amt/w/w_12_4.txt</document><document title="w_13_4_5">jsan_resources/corpora/amt/w/w_13_4_5.txt</document><document title="w_14_5">jsan_resources/corpora/amt/w/w_14_5.txt</document></author><author name="u"><document title="u_01_1">jsan_resources/corpora/amt/u/u_01_1.txt</document><document title="u_02_1_2">jsan_resources/corpora/amt/u/u_02_1_2.txt</document><document title="u_03_2">jsan_resources/corpora/amt/u/u_03_2.txt</document><document title="u_04_2">jsan_resources/corpora/amt/u/u_04_2.txt</document><document title="u_05_2">jsan_resources/corpora/amt/u/u_05_2.txt</document><document title="u_06_2">jsan_resources/corpora/amt/u/u_06_2.txt</document><document title="u_07_2_3">jsan_resources/corpora/amt/u/u_07_2_3.txt</document><document title="u_08_3">jsan_resources/corpora/amt/u/u_08_3.txt</document><document title="u_09_3_4">jsan_resources/corpora/amt/u/u_09_3_4.txt</document><document title="u_10_4">jsan_resources/corpora/amt/u/u_10_4.txt</document><document title="u_11_4_5">jsan_resources/corpora/amt/u/u_11_4_5.txt</document><document title="u_12_5">jsan_resources/corpora/amt/u/u_12_5.txt</document><document title="u_13_5">jsan_resources/corpora/amt/u/u_13_5.txt</document><document title="u_14_5_6">jsan_resources/corpora/amt/u/u_14_5_6.txt</document><document title="u_15_6">jsan_resources/corpora/amt/u/u_15_6.txt</document></author></training></problem-set>