<?xml version="1.0" encoding="UTF-8" standalone="no"?><problem-set><training name="author_detect_25_101"><author name="o"><document title="o_01_1">jsan_resources/corpora/amt/o/o_01_1.txt</document><document title="o_02_1_2">jsan_resources/corpora/amt/o/o_02_1_2.txt</document><document title="o_03_2">jsan_resources/corpora/amt/o/o_03_2.txt</document><document title="o_04_2_3">jsan_resources/corpora/amt/o/o_04_2_3.txt</document><document title="o_05_3_4">jsan_resources/corpora/amt/o/o_05_3_4.txt</document><document title="o_06_4">jsan_resources/corpora/amt/o/o_06_4.txt</document><document title="o_07_4">jsan_resources/corpora/amt/o/o_07_4.txt</document><document title="o_08_4_5">jsan_resources/corpora/amt/o/o_08_4_5.txt</document><document title="o_09_5">jsan_resources/corpora/amt/o/o_09_5.txt</document><document title="o_10_5">jsan_resources/corpora/amt/o/o_10_5.txt</document><document title="o_11_5_6">jsan_resources/corpora/amt/o/o_11_5_6.txt</document><document title="o_12_6_7">jsan_resources/corpora/amt/o/o_12_6_7.txt</document><document title="o_13_7">jsan_resources/corpora/amt/o/o_13_7.txt</document><document title="o_14_7">jsan_resources/corpora/amt/o/o_14_7.txt</document><document title="o_15_7_8">jsan_resources/corpora/amt/o/o_15_7_8.txt</document></author><author name="jj"><document title="jj_01_1">jsan_resources/corpora/amt/jj/jj_01_1.txt</document><document title="jj_02_1">jsan_resources/corpora/amt/jj/jj_02_1.txt</document><document title="jj_03_1">jsan_resources/corpora/amt/jj/jj_03_1.txt</document><document title="jj_04_1">jsan_resources/corpora/amt/jj/jj_04_1.txt</document><document title="jj_05_1">jsan_resources/corpora/amt/jj/jj_05_1.txt</document><document title="jj_06_1">jsan_resources/corpora/amt/jj/jj_06_1.txt</document><document title="jj_07_1">jsan_resources/corpora/amt/jj/jj_07_1.txt</document><document title="jj_08_1">jsan_resources/corpora/amt/jj/jj_08_1.txt</document><document title="jj_09_1">jsan_resources/corpora/amt/jj/jj_09_1.txt</document><document title="jj_10_1">jsan_resources/corpora/amt/jj/jj_10_1.txt</document><document title="jj_11_1_2">jsan_resources/corpora/amt/jj/jj_11_1_2.txt</document><document title="jj_12_2_3">jsan_resources/corpora/amt/jj/jj_12_2_3.txt</document><document title="jj_13_3">jsan_resources/corpora/amt/jj/jj_13_3.txt</document><document title="jj_14_3">jsan_resources/corpora/amt/jj/jj_14_3.txt</document><document title="jj_15_3">jsan_resources/corpora/amt/jj/jj_15_3.txt</document></author><author name="c"><document title="c_01_1">jsan_resources/corpora/amt/c/c_01_1.txt</document><document title="c_02_1">jsan_resources/corpora/amt/c/c_02_1.txt</document><document title="c_03_1">jsan_resources/corpora/amt/c/c_03_1.txt</document><document title="c_04_1">jsan_resources/corpora/amt/c/c_04_1.txt</document><document title="c_05_1">jsan_resources/corpora/amt/c/c_05_1.txt</document><document title="c_06_1">jsan_resources/corpora/amt/c/c_06_1.txt</document><document title="c_07_1">jsan_resources/corpora/amt/c/c_07_1.txt</document><document title="c_08_1">jsan_resources/corpora/amt/c/c_08_1.txt</document><document title="c_09_1">jsan_resources/corpora/amt/c/c_09_1.txt</document><document title="c_10_1">jsan_resources/corpora/amt/c/c_10_1.txt</document><document title="c_11_1">jsan_resources/corpora/amt/c/c_11_1.txt</document><document title="c_12_1_2">jsan_resources/corpora/amt/c/c_12_1_2.txt</document><document title="c_13_2">jsan_resources/corpora/amt/c/c_13_2.txt</document><document title="c_14_2">jsan_resources/corpora/amt/c/c_14_2.txt</document><document title="c_15_2">jsan_resources/corpora/amt/c/c_15_2.txt</document><document title="c_16_2">jsan_resources/corpora/amt/c/c_16_2.txt</document><document title="c_17_2">jsan_resources/corpora/amt/c/c_17_2.txt</document><document title="c_18_2">jsan_resources/corpora/amt/c/c_18_2.txt</document></author><author name="ww"><document title="ww_01_1">jsan_resources/corpora/amt/ww/ww_01_1.txt</document><document title="ww_02_1">jsan_resources/corpora/amt/ww/ww_02_1.txt</document><document title="ww_03_1">jsan_resources/corpora/amt/ww/ww_03_1.txt</document><document title="ww_04_1_2">jsan_resources/corpora/amt/ww/ww_04_1_2.txt</document><document title="ww_05_2">jsan_resources/corpora/amt/ww/ww_05_2.txt</document><document title="ww_06_2">jsan_resources/corpora/amt/ww/ww_06_2.txt</document><document title="ww_07_2">jsan_resources/corpora/amt/ww/ww_07_2.txt</document><document title="ww_08_2">jsan_resources/corpora/amt/ww/ww_08_2.txt</document><document title="ww_09_2">jsan_resources/corpora/amt/ww/ww_09_2.txt</document><document title="ww_10_2_3">jsan_resources/corpora/amt/ww/ww_10_2_3.txt</document><document title="ww_11_3">jsan_resources/corpora/amt/ww/ww_11_3.txt</document><document title="ww_12_3">jsan_resources/corpora/amt/ww/ww_12_3.txt</document><document title="ww_13_3">jsan_resources/corpora/amt/ww/ww_13_3.txt</document><document title="ww_14_3">jsan_resources/corpora/amt/ww/ww_14_3.txt</document><document title="ww_15_3">jsan_resources/corpora/amt/ww/ww_15_3.txt</document></author><author name="g"><document title="g_01_1">jsan_resources/corpora/amt/g/g_01_1.txt</document><document title="g_02_1">jsan_resources/corpora/amt/g/g_02_1.txt</document><document title="g_03_1">jsan_resources/corpora/amt/g/g_03_1.txt</document><document title="g_04_1">jsan_resources/corpora/amt/g/g_04_1.txt</document><document title="g_05_1">jsan_resources/corpora/amt/g/g_05_1.txt</document><document title="g_06_1">jsan_resources/corpora/amt/g/g_06_1.txt</document><document title="g_07_1">jsan_resources/corpora/amt/g/g_07_1.txt</document><document title="g_08_1">jsan_resources/corpora/amt/g/g_08_1.txt</document><document title="g_09_1">jsan_resources/corpora/amt/g/g_09_1.txt</document><document title="g_10_1">jsan_resources/corpora/amt/g/g_10_1.txt</document><document title="g_11_1">jsan_resources/corpora/amt/g/g_11_1.txt</document><document title="g_12_1">jsan_resources/corpora/amt/g/g_12_1.txt</document><document title="g_13_1">jsan_resources/corpora/amt/g/g_13_1.txt</document><document title="g_14_1">jsan_resources/corpora/amt/g/g_14_1.txt</document><document title="g_15_1">jsan_resources/corpora/amt/g/g_15_1.txt</document><document title="g_16_1">jsan_resources/corpora/amt/g/g_16_1.txt</document></author><author name="i"><document title="i_01_1">jsan_resources/corpora/amt/i/i_01_1.txt</document><document title="i_02_1_2">jsan_resources/corpora/amt/i/i_02_1_2.txt</document><document title="i_03_2">jsan_resources/corpora/amt/i/i_03_2.txt</document><document title="i_04_2_3">jsan_resources/corpora/amt/i/i_04_2_3.txt</document><document title="i_05_3">jsan_resources/corpora/amt/i/i_05_3.txt</document><document title="i_06_3">jsan_resources/corpora/amt/i/i_06_3.txt</document><document title="i_07_3">jsan_resources/corpora/amt/i/i_07_3.txt</document><document title="i_08_3">jsan_resources/corpora/amt/i/i_08_3.txt</document><document title="i_09_3_4">jsan_resources/corpora/amt/i/i_09_3_4.txt</document><document title="i_10_4">jsan_resources/corpora/amt/i/i_10_4.txt</document><document title="i_11_4">jsan_resources/corpora/amt/i/i_11_4.txt</document><document title="i_12_4_5">jsan_resources/corpora/amt/i/i_12_4_5.txt</document><document title="i_13_5_6">jsan_resources/corpora/amt/i/i_13_5_6.txt</document><document title="i_14_6">jsan_resources/corpora/amt/i/i_14_6.txt</document></author><author name="cc"><document title="cc_01_1">jsan_resources/corpora/amt/cc/cc_01_1.txt</document><document title="cc_02_1">jsan_resources/corpora/amt/cc/cc_02_1.txt</document><document title="cc_03_1">jsan_resources/corpora/amt/cc/cc_03_1.txt</document><document title="cc_04_1">jsan_resources/corpora/amt/cc/cc_04_1.txt</document><document title="cc_05_1_2">jsan_resources/corpora/amt/cc/cc_05_1_2.txt</document><document title="cc_06_2">jsan_resources/corpora/amt/cc/cc_06_2.txt</document><document title="cc_07_2">jsan_resources/corpora/amt/cc/cc_07_2.txt</document><document title="cc_08_2">jsan_resources/corpora/amt/cc/cc_08_2.txt</document><document title="cc_09_2">jsan_resources/corpora/amt/cc/cc_09_2.txt</document><document title="cc_10_2">jsan_resources/corpora/amt/cc/cc_10_2.txt</document><document title="cc_11_2">jsan_resources/corpora/amt/cc/cc_11_2.txt</document><document title="cc_12_2_3">jsan_resources/corpora/amt/cc/cc_12_2_3.txt</document><document title="cc_13_3">jsan_resources/corpora/amt/cc/cc_13_3.txt</document><document title="cc_14_3">jsan_resources/corpora/amt/cc/cc_14_3.txt</document><document title="cc_15_3_4">jsan_resources/corpora/amt/cc/cc_15_3_4.txt</document><document title="cc_16_4">jsan_resources/corpora/amt/cc/cc_16_4.txt</document><document title="cc_17_4">jsan_resources/corpora/amt/cc/cc_17_4.txt</document><document title="cc_18_4">jsan_resources/corpora/amt/cc/cc_18_4.txt</document></author><author name="y"><document title="y_01_1">jsan_resources/corpora/amt/y/y_01_1.txt</document><document title="y_02_1">jsan_resources/corpora/amt/y/y_02_1.txt</document><document title="y_03_1_2">jsan_resources/corpora/amt/y/y_03_1_2.txt</document><document title="y_04_2">jsan_resources/corpora/amt/y/y_04_2.txt</document><document title="y_05_2">jsan_resources/corpora/amt/y/y_05_2.txt</document><document title="y_06_2">jsan_resources/corpora/amt/y/y_06_2.txt</document><document title="y_07_2">jsan_resources/corpora/amt/y/y_07_2.txt</document><document title="y_08_2">jsan_resources/corpora/amt/y/y_08_2.txt</document><document title="y_09_2_3">jsan_resources/corpora/amt/y/y_09_2_3.txt</document><document title="y_10_3">jsan_resources/corpora/amt/y/y_10_3.txt</document><document title="y_11_3">jsan_resources/corpora/amt/y/y_11_3.txt</document><document title="y_12_3">jsan_resources/corpora/amt/y/y_12_3.txt</document><document title="y_13_3">jsan_resources/corpora/amt/y/y_13_3.txt</document></author><author name="p"><document title="p_01_1">jsan_resources/corpora/amt/p/p_01_1.txt</document><document title="p_02_1">jsan_resources/corpora/amt/p/p_02_1.txt</document><document title="p_03_1">jsan_resources/corpora/amt/p/p_03_1.txt</document><document title="p_04_1">jsan_resources/corpora/amt/p/p_04_1.txt</document><document title="p_05_1">jsan_resources/corpora/amt/p/p_05_1.txt</document><document title="p_06_1">jsan_resources/corpora/amt/p/p_06_1.txt</document><document title="p_07_1">jsan_resources/corpora/amt/p/p_07_1.txt</document><document title="p_08_1_2">jsan_resources/corpora/amt/p/p_08_1_2.txt</document><document title="p_09_2">jsan_resources/corpora/amt/p/p_09_2.txt</document><document title="p_10_2">jsan_resources/corpora/amt/p/p_10_2.txt</document><document title="p_11_2">jsan_resources/corpora/amt/p/p_11_2.txt</document><document title="p_12_2">jsan_resources/corpora/amt/p/p_12_2.txt</document><document title="p_13_2_3">jsan_resources/corpora/amt/p/p_13_2_3.txt</document><document title="p_14_3">jsan_resources/corpora/amt/p/p_14_3.txt</document><document title="p_15_3">jsan_resources/corpora/amt/p/p_15_3.txt</document><document title="p_16_3">jsan_resources/corpora/amt/p/p_16_3.txt</document><document title="p_17_3">jsan_resources/corpora/amt/p/p_17_3.txt</document><document title="p_18_3">jsan_resources/corpora/amt/p/p_18_3.txt</document><document title="p_19_3">jsan_resources/corpora/amt/p/p_19_3.txt</document><document title="p_20_3">jsan_resources/corpora/amt/p/p_20_3.txt</document></author><author name="ff"><document title="ff_01_1">jsan_resources/corpora/amt/ff/ff_01_1.txt</document><document title="ff_02_1">jsan_resources/corpora/amt/ff/ff_02_1.txt</document><document title="ff_03_1">jsan_resources/corpora/amt/ff/ff_03_1.txt</document><document title="ff_04_1">jsan_resources/corpora/amt/ff/ff_04_1.txt</document><document title="ff_05_1">jsan_resources/corpora/amt/ff/ff_05_1.txt</document><document title="ff_06_1">jsan_resources/corpora/amt/ff/ff_06_1.txt</document><document title="ff_07_1_2">jsan_resources/corpora/amt/ff/ff_07_1_2.txt</document><document title="ff_08_2">jsan_resources/corpora/amt/ff/ff_08_2.txt</document><document title="ff_09_2">jsan_resources/corpora/amt/ff/ff_09_2.txt</document><document title="ff_10_2">jsan_resources/corpora/amt/ff/ff_10_2.txt</document><document title="ff_11_2">jsan_resources/corpora/amt/ff/ff_11_2.txt</document><document title="ff_12_2">jsan_resources/corpora/amt/ff/ff_12_2.txt</document><document title="ff_13_2">jsan_resources/corpora/amt/ff/ff_13_2.txt</document><document title="ff_14_2">jsan_resources/corpora/amt/ff/ff_14_2.txt</document></author><author name="uu"><document title="uu_01_1">jsan_resources/corpora/amt/uu/uu_01_1.txt</document><document title="uu_02_1">jsan_resources/corpora/amt/uu/uu_02_1.txt</document><document title="uu_03_1">jsan_resources/corpora/amt/uu/uu_03_1.txt</document><document title="uu_04_1">jsan_resources/corpora/amt/uu/uu_04_1.txt</document><document title="uu_05_1">jsan_resources/corpora/amt/uu/uu_05_1.txt</document><document title="uu_06_1">jsan_resources/corpora/amt/uu/uu_06_1.txt</document><document title="uu_07_1_2">jsan_resources/corpora/amt/uu/uu_07_1_2.txt</document><document title="uu_08_2">jsan_resources/corpora/amt/uu/uu_08_2.txt</document><document title="uu_09_2_3">jsan_resources/corpora/amt/uu/uu_09_2_3.txt</document><document title="uu_10_3">jsan_resources/corpora/amt/uu/uu_10_3.txt</document><document title="uu_11_3">jsan_resources/corpora/amt/uu/uu_11_3.txt</document><document title="uu_12_3_4">jsan_resources/corpora/amt/uu/uu_12_3_4.txt</document><document title="uu_13_4">jsan_resources/corpora/amt/uu/uu_13_4.txt</document><document title="uu_14_4_5">jsan_resources/corpora/amt/uu/uu_14_4_5.txt</document><document title="uu_15_5">jsan_resources/corpora/amt/uu/uu_15_5.txt</document><document title="uu_16_5">jsan_resources/corpora/amt/uu/uu_16_5.txt</document><document title="uu_17_5_6">jsan_resources/corpora/amt/uu/uu_17_5_6.txt</document><document title="uu_18_6">jsan_resources/corpora/amt/uu/uu_18_6.txt</document></author><author name="nn"><document title="nn_01_1">jsan_resources/corpora/amt/nn/nn_01_1.txt</document><document title="nn_02_1">jsan_resources/corpora/amt/nn/nn_02_1.txt</document><document title="nn_03_1">jsan_resources/corpora/amt/nn/nn_03_1.txt</document><document title="nn_04_1_2">jsan_resources/corpora/amt/nn/nn_04_1_2.txt</document><document title="nn_05_2">jsan_resources/corpora/amt/nn/nn_05_2.txt</document><document title="nn_06_2">jsan_resources/corpora/amt/nn/nn_06_2.txt</document><document title="nn_07_2">jsan_resources/corpora/amt/nn/nn_07_2.txt</document><document title="nn_08_2_3">jsan_resources/corpora/amt/nn/nn_08_2_3.txt</document><document title="nn_09_3_4">jsan_resources/corpora/amt/nn/nn_09_3_4.txt</document><document title="nn_10_4">jsan_resources/corpora/amt/nn/nn_10_4.txt</document><document title="nn_11_4">jsan_resources/corpora/amt/nn/nn_11_4.txt</document><document title="nn_12_4_5">jsan_resources/corpora/amt/nn/nn_12_4_5.txt</document><document title="nn_13_5">jsan_resources/corpora/amt/nn/nn_13_5.txt</document></author><author name="ii"><document title="ii_01_1">jsan_resources/corpora/amt/ii/ii_01_1.txt</document><document title="ii_02_1">jsan_resources/corpora/amt/ii/ii_02_1.txt</document><document title="ii_03_1_2">jsan_resources/corpora/amt/ii/ii_03_1_2.txt</document><document title="ii_04_2_3">jsan_resources/corpora/amt/ii/ii_04_2_3.txt</document><document title="ii_05_3">jsan_resources/corpora/amt/ii/ii_05_3.txt</document><document title="ii_06_3">jsan_resources/corpora/amt/ii/ii_06_3.txt</document><document title="ii_07_3_4">jsan_resources/corpora/amt/ii/ii_07_3_4.txt</document><document title="ii_08_4">jsan_resources/corpora/amt/ii/ii_08_4.txt</document><document title="ii_09_4_5">jsan_resources/corpora/amt/ii/ii_09_4_5.txt</document><document title="ii_10_5">jsan_resources/corpora/amt/ii/ii_10_5.txt</document><document title="ii_11_5">jsan_resources/corpora/amt/ii/ii_11_5.txt</document><document title="ii_12_5_6">jsan_resources/corpora/amt/ii/ii_12_5_6.txt</document><document title="ii_13_6">jsan_resources/corpora/amt/ii/ii_13_6.txt</document><document title="ii_14_6">jsan_resources/corpora/amt/ii/ii_14_6.txt</document></author><author name="e"><document title="e_01_1">jsan_resources/corpora/amt/e/e_01_1.txt</document><document title="e_02_1">jsan_resources/corpora/amt/e/e_02_1.txt</document><document title="e_03_1_2">jsan_resources/corpora/amt/e/e_03_1_2.txt</document><document title="e_04_2">jsan_resources/corpora/amt/e/e_04_2.txt</document><document title="e_05_2">jsan_resources/corpora/amt/e/e_05_2.txt</document><document title="e_06_2">jsan_resources/corpora/amt/e/e_06_2.txt</document><document title="e_07_2">jsan_resources/corpora/amt/e/e_07_2.txt</document><document title="e_08_2_3">jsan_resources/corpora/amt/e/e_08_2_3.txt</document><document title="e_09_3">jsan_resources/corpora/amt/e/e_09_3.txt</document><document title="e_10_3">jsan_resources/corpora/amt/e/e_10_3.txt</document><document title="e_11_3">jsan_resources/corpora/amt/e/e_11_3.txt</document><document title="e_12_3">jsan_resources/corpora/amt/e/e_12_3.txt</document><document title="e_13_3_4">jsan_resources/corpora/amt/e/e_13_3_4.txt</document><document title="e_14_4">jsan_resources/corpora/amt/e/e_14_4.txt</document><document title="e_15_4">jsan_resources/corpora/amt/e/e_15_4.txt</document><document title="e_16_4">jsan_resources/corpora/amt/e/e_16_4.txt</document></author><author name="h"><document title="h_01_1">jsan_resources/corpora/amt/h/h_01_1.txt</document><document title="h_02_1">jsan_resources/corpora/amt/h/h_02_1.txt</document><document title="h_03_1">jsan_resources/corpora/amt/h/h_03_1.txt</document><document title="h_04_1">jsan_resources/corpora/amt/h/h_04_1.txt</document><document title="h_05_1">jsan_resources/corpora/amt/h/h_05_1.txt</document><document title="h_06_1">jsan_resources/corpora/amt/h/h_06_1.txt</document><document title="h_07_1">jsan_resources/corpora/amt/h/h_07_1.txt</document><document title="h_08_1_2">jsan_resources/corpora/amt/h/h_08_1_2.txt</document><document title="h_09_2">jsan_resources/corpora/amt/h/h_09_2.txt</document><document title="h_10_2">jsan_resources/corpora/amt/h/h_10_2.txt</document><document title="h_11_2">jsan_resources/corpora/amt/h/h_11_2.txt</document><document title="h_12_2">jsan_resources/corpora/amt/h/h_12_2.txt</document><document title="h_13_2">jsan_resources/corpora/amt/h/h_13_2.txt</document><document title="h_14_2">jsan_resources/corpora/amt/h/h_14_2.txt</document><document title="h_15_2">jsan_resources/corpora/amt/h/h_15_2.txt</document><document title="h_16_2">jsan_resources/corpora/amt/h/h_16_2.txt</document><document title="h_17_2">jsan_resources/corpora/amt/h/h_17_2.txt</document><document title="h_18_2">jsan_resources/corpora/amt/h/h_18_2.txt</document></author><author name="z"><document title="z_01_1">jsan_resources/corpora/amt/z/z_01_1.txt</document><document title="z_02_1_2">jsan_resources/corpora/amt/z/z_02_1_2.txt</document><document title="z_03_2">jsan_resources/corpora/amt/z/z_03_2.txt</document><document title="z_04_2">jsan_resources/corpora/amt/z/z_04_2.txt</document><document title="z_05_2">jsan_resources/corpora/amt/z/z_05_2.txt</document><document title="z_06_2">jsan_resources/corpora/amt/z/z_06_2.txt</document><document title="z_07_2_3">jsan_resources/corpora/amt/z/z_07_2_3.txt</document><document title="z_08_3">jsan_resources/corpora/amt/z/z_08_3.txt</document><document title="z_09_3">jsan_resources/corpora/amt/z/z_09_3.txt</document><document title="z_10_3">jsan_resources/corpora/amt/z/z_10_3.txt</document><document title="z_11_3">jsan_resources/corpora/amt/z/z_11_3.txt</document><document title="z_12_3">jsan_resources/corpora/amt/z/z_12_3.txt</document><document title="z_13_3_4">jsan_resources/corpora/amt/z/z_13_3_4.txt</document></author><author name="l"><document title="l_01_1">jsan_resources/corpora/amt/l/l_01_1.txt</document><document title="l_02_1">jsan_resources/corpora/amt/l/l_02_1.txt</document><document title="l_03_1">jsan_resources/corpora/amt/l/l_03_1.txt</document><document title="l_04_1">jsan_resources/corpora/amt/l/l_04_1.txt</document><document title="l_05_1">jsan_resources/corpora/amt/l/l_05_1.txt</document><document title="l_06_1_2">jsan_resources/corpora/amt/l/l_06_1_2.txt</document><document title="l_07_2_3">jsan_resources/corpora/amt/l/l_07_2_3.txt</document><document title="l_08_3">jsan_resources/corpora/amt/l/l_08_3.txt</document><document title="l_09_3_4">jsan_resources/corpora/amt/l/l_09_3_4.txt</document><document title="l_10_4">jsan_resources/corpora/amt/l/l_10_4.txt</document><document title="l_11_4_5">jsan_resources/corpora/amt/l/l_11_4_5.txt</document><document title="l_12_4">jsan_resources/corpora/amt/l/l_12_4.txt</document><document title="l_13_4_5">jsan_resources/corpora/amt/l/l_13_4_5.txt</document><document title="l_14_6">jsan_resources/corpora/amt/l/l_14_6.txt</document></author><author name="dd"><document title="dd_01_1">jsan_resources/corpora/amt/dd/dd_01_1.txt</document><document title="dd_02_1">jsan_resources/corpora/amt/dd/dd_02_1.txt</document><document title="dd_03_1">jsan_resources/corpora/amt/dd/dd_03_1.txt</document><document title="dd_04_1">jsan_resources/corpora/amt/dd/dd_04_1.txt</document><document title="dd_05_1_2">jsan_resources/corpora/amt/dd/dd_05_1_2.txt</document><document title="dd_06_2">jsan_resources/corpora/amt/dd/dd_06_2.txt</document><document title="dd_07_2_3">jsan_resources/corpora/amt/dd/dd_07_2_3.txt</document><document title="dd_08_3_4">jsan_resources/corpora/amt/dd/dd_08_3_4.txt</document><document title="dd_09_4">jsan_resources/corpora/amt/dd/dd_09_4.txt</document><document title="dd_10_4_5">jsan_resources/corpora/amt/dd/dd_10_4_5.txt</document><document title="dd_11_5_6">jsan_resources/corpora/amt/dd/dd_11_5_6.txt</document><document title="dd_12_6">jsan_resources/corpora/amt/dd/dd_12_6.txt</document><document title="dd_13_6">jsan_resources/corpora/amt/dd/dd_13_6.txt</document><document title="dd_14_6">jsan_resources/corpora/amt/dd/dd_14_6.txt</document></author><author name="b"><document title="b_01_1">jsan_resources/corpora/amt/b/b_01_1.txt</document><document title="b_02_1">jsan_resources/corpora/amt/b/b_02_1.txt</document><document title="b_03_1_2">jsan_resources/corpora/amt/b/b_03_1_2.txt</document><document title="b_04_2">jsan_resources/corpora/amt/b/b_04_2.txt</document><document title="b_05_2">jsan_resources/corpora/amt/b/b_05_2.txt</document><document title="b_06_2">jsan_resources/corpora/amt/b/b_06_2.txt</document><document title="b_07_2">jsan_resources/corpora/amt/b/b_07_2.txt</document><document title="b_08_2">jsan_resources/corpora/amt/b/b_08_2.txt</document><document title="b_09_2_3">jsan_resources/corpora/amt/b/b_09_2_3.txt</document><document title="b_10_3_4">jsan_resources/corpora/amt/b/b_10_3_4.txt</document><document title="b_11_4">jsan_resources/corpora/amt/b/b_11_4.txt</document><document title="b_12_4">jsan_resources/corpora/amt/b/b_12_4.txt</document><document title="b_13_4">jsan_resources/corpora/amt/b/b_13_4.txt</document><document title="b_14_4">jsan_resources/corpora/amt/b/b_14_4.txt</document><document title="b_15_4">jsan_resources/corpora/amt/b/b_15_4.txt</document><document title="b_16_4">jsan_resources/corpora/amt/b/b_16_4.txt</document><document title="b_17_4">jsan_resources/corpora/amt/b/b_17_4.txt</document></author><author name="q"><document title="q_01_1">jsan_resources/corpora/amt/q/q_01_1.txt</document><document title="q_02_1">jsan_resources/corpora/amt/q/q_02_1.txt</document><document title="q_03_1">jsan_resources/corpora/amt/q/q_03_1.txt</document><document title="q_04_1">jsan_resources/corpora/amt/q/q_04_1.txt</document><document title="q_05_1">jsan_resources/corpora/amt/q/q_05_1.txt</document><document title="q_06_1">jsan_resources/corpora/amt/q/q_06_1.txt</document><document title="q_07_1">jsan_resources/corpora/amt/q/q_07_1.txt</document><document title="q_08_1">jsan_resources/corpora/amt/q/q_08_1.txt</document><document title="q_09_1">jsan_resources/corpora/amt/q/q_09_1.txt</document><document title="q_10_1_2">jsan_resources/corpora/amt/q/q_10_1_2.txt</document><document title="q_11_2">jsan_resources/corpora/amt/q/q_11_2.txt</document><document title="q_12_2">jsan_resources/corpora/amt/q/q_12_2.txt</document><document title="q_13_2">jsan_resources/corpora/amt/q/q_13_2.txt</document><document title="q_14_2_3">jsan_resources/corpora/amt/q/q_14_2_3.txt</document><document title="q_15_3">jsan_resources/corpora/amt/q/q_15_3.txt</document></author><author name="ss"><document title="ss_01_1">jsan_resources/corpora/amt/ss/ss_01_1.txt</document><document title="ss_02_1">jsan_resources/corpora/amt/ss/ss_02_1.txt</document><document title="ss_03_1">jsan_resources/corpora/amt/ss/ss_03_1.txt</document><document title="ss_04_1">jsan_resources/corpora/amt/ss/ss_04_1.txt</document><document title="ss_05_1">jsan_resources/corpora/amt/ss/ss_05_1.txt</document><document title="ss_06_1">jsan_resources/corpora/amt/ss/ss_06_1.txt</document><document title="ss_07_1_2">jsan_resources/corpora/amt/ss/ss_07_1_2.txt</document><document title="ss_08_2">jsan_resources/corpora/amt/ss/ss_08_2.txt</document><document title="ss_09_2">jsan_resources/corpora/amt/ss/ss_09_2.txt</document><document title="ss_10_2">jsan_resources/corpora/amt/ss/ss_10_2.txt</document><document title="ss_11_2">jsan_resources/corpora/amt/ss/ss_11_2.txt</document><document title="ss_12_2">jsan_resources/corpora/amt/ss/ss_12_2.txt</document><document title="ss_13_2">jsan_resources/corpora/amt/ss/ss_13_2.txt</document><document title="ss_14_2_3">jsan_resources/corpora/amt/ss/ss_14_2_3.txt</document><document title="ss_15_3">jsan_resources/corpora/amt/ss/ss_15_3.txt</document></author><author name="m"><document title="m_01_1">jsan_resources/corpora/amt/m/m_01_1.txt</document><document title="m_02_1">jsan_resources/corpora/amt/m/m_02_1.txt</document><document title="m_03_1">jsan_resources/corpora/amt/m/m_03_1.txt</document><document title="m_04_1">jsan_resources/corpora/amt/m/m_04_1.txt</document><document title="m_05_1">jsan_resources/corpora/amt/m/m_05_1.txt</document><document title="m_06_1_2">jsan_resources/corpora/amt/m/m_06_1_2.txt</document><document title="m_07_2">jsan_resources/corpora/amt/m/m_07_2.txt</document><document title="m_08_2_3">jsan_resources/corpora/amt/m/m_08_2_3.txt</document><document title="m_09_3">jsan_resources/corpora/amt/m/m_09_3.txt</document><document title="m_10_3_4">jsan_resources/corpora/amt/m/m_10_3_4.txt</document><document title="m_11_4">jsan_resources/corpora/amt/m/m_11_4.txt</document><document title="m_12_4_5">jsan_resources/corpora/amt/m/m_12_4_5.txt</document><document title="m_13_5_6">jsan_resources/corpora/amt/m/m_13_5_6.txt</document><document title="m_14_6">jsan_resources/corpora/amt/m/m_14_6.txt</document></author><author name="qq"><document title="qq_01_1">jsan_resources/corpora/amt/qq/qq_01_1.txt</document><document title="qq_02_1">jsan_resources/corpora/amt/qq/qq_02_1.txt</document><document title="qq_03_1">jsan_resources/corpora/amt/qq/qq_03_1.txt</document><document title="qq_04_1">jsan_resources/corpora/amt/qq/qq_04_1.txt</document><document title="qq_05_1">jsan_resources/corpora/amt/qq/qq_05_1.txt</document><document title="qq_06_1_2">jsan_resources/corpora/amt/qq/qq_06_1_2.txt</document><document title="qq_07_2">jsan_resources/corpora/amt/qq/qq_07_2.txt</document><document title="qq_08_2">jsan_resources/corpora/amt/qq/qq_08_2.txt</document><document title="qq_09_2">jsan_resources/corpora/amt/qq/qq_09_2.txt</document><document title="qq_10_2">jsan_resources/corpora/amt/qq/qq_10_2.txt</document><document title="qq_11_2">jsan_resources/corpora/amt/qq/qq_11_2.txt</document><document title="qq_12_2">jsan_resources/corpora/amt/qq/qq_12_2.txt</document><document title="qq_13_2">jsan_resources/corpora/amt/qq/qq_13_2.txt</document><document title="qq_14_2">jsan_resources/corpora/amt/qq/qq_14_2.txt</document><document title="qq_15_2">jsan_resources/corpora/amt/qq/qq_15_2.txt</document><document title="qq_16_2">jsan_resources/corpora/amt/qq/qq_16_2.txt</document><document title="qq_17_2">jsan_resources/corpora/amt/qq/qq_17_2.txt</document><document title="qq_18_2">jsan_resources/corpora/amt/qq/qq_18_2.txt</document><document title="qq_19_2">jsan_resources/corpora/amt/qq/qq_19_2.txt</document><document title="qq_20_2">jsan_resources/corpora/amt/qq/qq_20_2.txt</document><document title="qq_21_2">jsan_resources/corpora/amt/qq/qq_21_2.txt</document><document title="qq_22_2">jsan_resources/corpora/amt/qq/qq_22_2.txt</document><document title="qq_23_2">jsan_resources/corpora/amt/qq/qq_23_2.txt</document></author><author name="bb"><document title="bb_01_1">jsan_resources/corpora/amt/bb/bb_01_1.txt</document><document title="bb_02_1">jsan_resources/corpora/amt/bb/bb_02_1.txt</document><document title="bb_03_1_2">jsan_resources/corpora/amt/bb/bb_03_1_2.txt</document><document title="bb_04_2">jsan_resources/corpora/amt/bb/bb_04_2.txt</document><document title="bb_05_2">jsan_resources/corpora/amt/bb/bb_05_2.txt</document><document title="bb_06_2">jsan_resources/corpora/amt/bb/bb_06_2.txt</document><document title="bb_07_2">jsan_resources/corpora/amt/bb/bb_07_2.txt</document><document title="bb_08_2">jsan_resources/corpora/amt/bb/bb_08_2.txt</document><document title="bb_09_2">jsan_resources/corpora/amt/bb/bb_09_2.txt</document><document title="bb_10_2_3">jsan_resources/corpora/amt/bb/bb_10_2_3.txt</document><document title="bb_11_3">jsan_resources/corpora/amt/bb/bb_11_3.txt</document><document title="bb_12_3_4">jsan_resources/corpora/amt/bb/bb_12_3_4.txt</document><document title="bb_13_4">jsan_resources/corpora/amt/bb/bb_13_4.txt</document><document title="bb_14_4">jsan_resources/corpora/amt/bb/bb_14_4.txt</document><document title="bb_15_4_5">jsan_resources/corpora/amt/bb/bb_15_4_5.txt</document><document title="bb_16_5">jsan_resources/corpora/amt/bb/bb_16_5.txt</document><document title="bb_17_5">jsan_resources/corpora/amt/bb/bb_17_5.txt</document><document title="bb_18_5_6">jsan_resources/corpora/amt/bb/bb_18_5_6.txt</document><document title="bb_19_6">jsan_resources/corpora/amt/bb/bb_19_6.txt</document></author><author name="gg"><document title="gg_01_1">jsan_resources/corpora/amt/gg/gg_01_1.txt</document><document title="gg_02_1">jsan_resources/corpora/amt/gg/gg_02_1.txt</document><document title="gg_03_1">jsan_resources/corpora/amt/gg/gg_03_1.txt</document><document title="gg_04_1_2">jsan_resources/corpora/amt/gg/gg_04_1_2.txt</document><document title="gg_05_2">jsan_resources/corpora/amt/gg/gg_05_2.txt</document><document title="gg_06_2">jsan_resources/corpora/amt/gg/gg_06_2.txt</document><document title="gg_07_2">jsan_resources/corpora/amt/gg/gg_07_2.txt</document><document title="gg_08_2">jsan_resources/corpora/amt/gg/gg_08_2.txt</document><document title="gg_09_2_3">jsan_resources/corpora/amt/gg/gg_09_2_3.txt</document><document title="gg_10_3_4">jsan_resources/corpora/amt/gg/gg_10_3_4.txt</document><document title="gg_11_4_5">jsan_resources/corpora/amt/gg/gg_11_4_5.txt</document><document title="gg_12_5_6">jsan_resources/corpora/amt/gg/gg_12_5_6.txt</document><document title="gg_13_6">jsan_resources/corpora/amt/gg/gg_13_6.txt</document><document title="gg_14_6">jsan_resources/corpora/amt/gg/gg_14_6.txt</document></author></training></problem-set>