<?xml version="1.0" encoding="UTF-8" standalone="no"?><problem-set><training name="author_detect_20_84"><author name="x"><document title="x_01_1">jsan_resources/corpora/amt/x/x_01_1.txt</document><document title="x_02_1_2">jsan_resources/corpora/amt/x/x_02_1_2.txt</document><document title="x_03_2">jsan_resources/corpora/amt/x/x_03_2.txt</document><document title="x_04_2">jsan_resources/corpora/amt/x/x_04_2.txt</document><document title="x_05_2">jsan_resources/corpora/amt/x/x_05_2.txt</document><document title="x_06_2_3">jsan_resources/corpora/amt/x/x_06_2_3.txt</document><document title="x_07_3_4">jsan_resources/corpora/amt/x/x_07_3_4.txt</document><document title="x_08_4_5">jsan_resources/corpora/amt/x/x_08_4_5.txt</document><document title="x_09_5">jsan_resources/corpora/amt/x/x_09_5.txt</document><document title="x_10_5">jsan_resources/corpora/amt/x/x_10_5.txt</document><document title="x_11_5">jsan_resources/corpora/amt/x/x_11_5.txt</document><document title="x_12_5">jsan_resources/corpora/amt/x/x_12_5.txt</document><document title="x_13_5">jsan_resources/corpora/amt/x/x_13_5.txt</document></author><author name="y"><document title="y_01_1">jsan_resources/corpora/amt/y/y_01_1.txt</document><document title="y_02_1">jsan_resources/corpora/amt/y/y_02_1.txt</document><document title="y_03_1_2">jsan_resources/corpora/amt/y/y_03_1_2.txt</document><document title="y_04_2">jsan_resources/corpora/amt/y/y_04_2.txt</document><document title="y_05_2">jsan_resources/corpora/amt/y/y_05_2.txt</document><document title="y_06_2">jsan_resources/corpora/amt/y/y_06_2.txt</document><document title="y_07_2">jsan_resources/corpora/amt/y/y_07_2.txt</document><document title="y_08_2">jsan_resources/corpora/amt/y/y_08_2.txt</document><document title="y_09_2_3">jsan_resources/corpora/amt/y/y_09_2_3.txt</document><document title="y_10_3">jsan_resources/corpora/amt/y/y_10_3.txt</document><document title="y_11_3">jsan_resources/corpora/amt/y/y_11_3.txt</document><document title="y_12_3">jsan_resources/corpora/amt/y/y_12_3.txt</document><document title="y_13_3">jsan_resources/corpora/amt/y/y_13_3.txt</document></author><author name="p"><document title="p_01_1">jsan_resources/corpora/amt/p/p_01_1.txt</document><document title="p_02_1">jsan_resources/corpora/amt/p/p_02_1.txt</document><document title="p_03_1">jsan_resources/corpora/amt/p/p_03_1.txt</document><document title="p_04_1">jsan_resources/corpora/amt/p/p_04_1.txt</document><document title="p_05_1">jsan_resources/corpora/amt/p/p_05_1.txt</document><document title="p_06_1">jsan_resources/corpora/amt/p/p_06_1.txt</document><document title="p_07_1">jsan_resources/corpora/amt/p/p_07_1.txt</document><document title="p_08_1_2">jsan_resources/corpora/amt/p/p_08_1_2.txt</document><document title="p_09_2">jsan_resources/corpora/amt/p/p_09_2.txt</document><document title="p_10_2">jsan_resources/corpora/amt/p/p_10_2.txt</document><document title="p_11_2">jsan_resources/corpora/amt/p/p_11_2.txt</document><document title="p_12_2">jsan_resources/corpora/amt/p/p_12_2.txt</document><document title="p_13_2_3">jsan_resources/corpora/amt/p/p_13_2_3.txt</document><document title="p_14_3">jsan_resources/corpora/amt/p/p_14_3.txt</document><document title="p_15_3">jsan_resources/corpora/amt/p/p_15_3.txt</document><document title="p_16_3">jsan_resources/corpora/amt/p/p_16_3.txt</document><document title="p_17_3">jsan_resources/corpora/amt/p/p_17_3.txt</document><document title="p_18_3">jsan_resources/corpora/amt/p/p_18_3.txt</document><document title="p_19_3">jsan_resources/corpora/amt/p/p_19_3.txt</document><document title="p_20_3">jsan_resources/corpora/amt/p/p_20_3.txt</document></author><author name="e"><document title="e_01_1">jsan_resources/corpora/amt/e/e_01_1.txt</document><document title="e_02_1">jsan_resources/corpora/amt/e/e_02_1.txt</document><document title="e_03_1_2">jsan_resources/corpora/amt/e/e_03_1_2.txt</document><document title="e_04_2">jsan_resources/corpora/amt/e/e_04_2.txt</document><document title="e_05_2">jsan_resources/corpora/amt/e/e_05_2.txt</document><document title="e_06_2">jsan_resources/corpora/amt/e/e_06_2.txt</document><document title="e_07_2">jsan_resources/corpora/amt/e/e_07_2.txt</document><document title="e_08_2_3">jsan_resources/corpora/amt/e/e_08_2_3.txt</document><document title="e_09_3">jsan_resources/corpora/amt/e/e_09_3.txt</document><document title="e_10_3">jsan_resources/corpora/amt/e/e_10_3.txt</document><document title="e_11_3">jsan_resources/corpora/amt/e/e_11_3.txt</document><document title="e_12_3">jsan_resources/corpora/amt/e/e_12_3.txt</document><document title="e_13_3_4">jsan_resources/corpora/amt/e/e_13_3_4.txt</document><document title="e_14_4">jsan_resources/corpora/amt/e/e_14_4.txt</document><document title="e_15_4">jsan_resources/corpora/amt/e/e_15_4.txt</document><document title="e_16_4">jsan_resources/corpora/amt/e/e_16_4.txt</document></author><author name="r"><document title="r_01_1">jsan_resources/corpora/amt/r/r_01_1.txt</document><document title="r_02_1">jsan_resources/corpora/amt/r/r_02_1.txt</document><document title="r_03_1_2">jsan_resources/corpora/amt/r/r_03_1_2.txt</document><document title="r_04_2">jsan_resources/corpora/amt/r/r_04_2.txt</document><document title="r_05_2">jsan_resources/corpora/amt/r/r_05_2.txt</document><document title="r_06_2">jsan_resources/corpora/amt/r/r_06_2.txt</document><document title="r_07_2_3">jsan_resources/corpora/amt/r/r_07_2_3.txt</document><document title="r_08_3_4">jsan_resources/corpora/amt/r/r_08_3_4.txt</document><document title="r_09_4">jsan_resources/corpora/amt/r/r_09_4.txt</document><document title="r_10_4_5">jsan_resources/corpora/amt/r/r_10_4_5.txt</document><document title="r_11_5">jsan_resources/corpora/amt/r/r_11_5.txt</document><document title="r_12_5_6">jsan_resources/corpora/amt/r/r_12_5_6.txt</document><document title="r_13_6">jsan_resources/corpora/amt/r/r_13_6.txt</document><document title="r_14_6">jsan_resources/corpora/amt/r/r_14_6.txt</document></author><author name="ff"><document title="ff_01_1">jsan_resources/corpora/amt/ff/ff_01_1.txt</document><document title="ff_02_1">jsan_resources/corpora/amt/ff/ff_02_1.txt</document><document title="ff_03_1">jsan_resources/corpora/amt/ff/ff_03_1.txt</document><document title="ff_04_1">jsan_resources/corpora/amt/ff/ff_04_1.txt</document><document title="ff_05_1">jsan_resources/corpora/amt/ff/ff_05_1.txt</document><document title="ff_06_1">jsan_resources/corpora/amt/ff/ff_06_1.txt</document><document title="ff_07_1_2">jsan_resources/corpora/amt/ff/ff_07_1_2.txt</document><document title="ff_08_2">jsan_resources/corpora/amt/ff/ff_08_2.txt</document><document title="ff_09_2">jsan_resources/corpora/amt/ff/ff_09_2.txt</document><document title="ff_10_2">jsan_resources/corpora/amt/ff/ff_10_2.txt</document><document title="ff_11_2">jsan_resources/corpora/amt/ff/ff_11_2.txt</document><document title="ff_12_2">jsan_resources/corpora/amt/ff/ff_12_2.txt</document><document title="ff_13_2">jsan_resources/corpora/amt/ff/ff_13_2.txt</document><document title="ff_14_2">jsan_resources/corpora/amt/ff/ff_14_2.txt</document></author><author name="q"><document title="q_01_1">jsan_resources/corpora/amt/q/q_01_1.txt</document><document title="q_02_1">jsan_resources/corpora/amt/q/q_02_1.txt</document><document title="q_03_1">jsan_resources/corpora/amt/q/q_03_1.txt</document><document title="q_04_1">jsan_resources/corpora/amt/q/q_04_1.txt</document><document title="q_05_1">jsan_resources/corpora/amt/q/q_05_1.txt</document><document title="q_06_1">jsan_resources/corpora/amt/q/q_06_1.txt</document><document title="q_07_1">jsan_resources/corpora/amt/q/q_07_1.txt</document><document title="q_08_1">jsan_resources/corpora/amt/q/q_08_1.txt</document><document title="q_09_1">jsan_resources/corpora/amt/q/q_09_1.txt</document><document title="q_10_1_2">jsan_resources/corpora/amt/q/q_10_1_2.txt</document><document title="q_11_2">jsan_resources/corpora/amt/q/q_11_2.txt</document><document title="q_12_2">jsan_resources/corpora/amt/q/q_12_2.txt</document><document title="q_13_2">jsan_resources/corpora/amt/q/q_13_2.txt</document><document title="q_14_2_3">jsan_resources/corpora/amt/q/q_14_2_3.txt</document><document title="q_15_3">jsan_resources/corpora/amt/q/q_15_3.txt</document></author><author name="tt"><document title="tt_01_1">jsan_resources/corpora/amt/tt/tt_01_1.txt</document><document title="tt_02_1_2">jsan_resources/corpora/amt/tt/tt_02_1_2.txt</document><document title="tt_03_2">jsan_resources/corpora/amt/tt/tt_03_2.txt</document><document title="tt_04_2">jsan_resources/corpora/amt/tt/tt_04_2.txt</document><document title="tt_05_2">jsan_resources/corpora/amt/tt/tt_05_2.txt</document><document title="tt_06_2_3">jsan_resources/corpora/amt/tt/tt_06_2_3.txt</document><document title="tt_07_3">jsan_resources/corpora/amt/tt/tt_07_3.txt</document><document title="tt_08_3">jsan_resources/corpora/amt/tt/tt_08_3.txt</document><document title="tt_09_3_4">jsan_resources/corpora/amt/tt/tt_09_3_4.txt</document><document title="tt_10_4">jsan_resources/corpora/amt/tt/tt_10_4.txt</document><document title="tt_11_4">jsan_resources/corpora/amt/tt/tt_11_4.txt</document><document title="tt_12_4">jsan_resources/corpora/amt/tt/tt_12_4.txt</document><document title="tt_13_4_5">jsan_resources/corpora/amt/tt/tt_13_4_5.txt</document><document title="tt_14_5">jsan_resources/corpora/amt/tt/tt_14_5.txt</document><document title="tt_15_5">jsan_resources/corpora/amt/tt/tt_15_5.txt</document><document title="tt_16_5">jsan_resources/corpora/amt/tt/tt_16_5.txt</document></author><author name="mm"><document title="mm_01_1">jsan_resources/corpora/amt/mm/mm_01_1.txt</document><document title="mm_02_1">jsan_resources/corpora/amt/mm/mm_02_1.txt</document><document title="mm_03_1">jsan_resources/corpora/amt/mm/mm_03_1.txt</document><document title="mm_04_1">jsan_resources/corpora/amt/mm/mm_04_1.txt</document><document title="mm_05_1">jsan_resources/corpora/amt/mm/mm_05_1.txt</document><document title="mm_06_1">jsan_resources/corpora/amt/mm/mm_06_1.txt</document><document title="mm_07_1">jsan_resources/corpora/amt/mm/mm_07_1.txt</document><document title="mm_08_1">jsan_resources/corpora/amt/mm/mm_08_1.txt</document><document title="mm_09_1">jsan_resources/corpora/amt/mm/mm_09_1.txt</document><document title="mm_10_1_2">jsan_resources/corpora/amt/mm/mm_10_1_2.txt</document><document title="mm_11_2">jsan_resources/corpora/amt/mm/mm_11_2.txt</document><document title="mm_12_2">jsan_resources/corpora/amt/mm/mm_12_2.txt</document><document title="mm_13_2">jsan_resources/corpora/amt/mm/mm_13_2.txt</document><document title="mm_14_2">jsan_resources/corpora/amt/mm/mm_14_2.txt</document></author><author name="l"><document title="l_01_1">jsan_resources/corpora/amt/l/l_01_1.txt</document><document title="l_02_1">jsan_resources/corpora/amt/l/l_02_1.txt</document><document title="l_03_1">jsan_resources/corpora/amt/l/l_03_1.txt</document><document title="l_04_1">jsan_resources/corpora/amt/l/l_04_1.txt</document><document title="l_05_1">jsan_resources/corpora/amt/l/l_05_1.txt</document><document title="l_06_1_2">jsan_resources/corpora/amt/l/l_06_1_2.txt</document><document title="l_07_2_3">jsan_resources/corpora/amt/l/l_07_2_3.txt</document><document title="l_08_3">jsan_resources/corpora/amt/l/l_08_3.txt</document><document title="l_09_3_4">jsan_resources/corpora/amt/l/l_09_3_4.txt</document><document title="l_10_4">jsan_resources/corpora/amt/l/l_10_4.txt</document><document title="l_11_4_5">jsan_resources/corpora/amt/l/l_11_4_5.txt</document><document title="l_12_4">jsan_resources/corpora/amt/l/l_12_4.txt</document><document title="l_13_4_5">jsan_resources/corpora/amt/l/l_13_4_5.txt</document><document title="l_14_6">jsan_resources/corpora/amt/l/l_14_6.txt</document></author><author name="cc"><document title="cc_01_1">jsan_resources/corpora/amt/cc/cc_01_1.txt</document><document title="cc_02_1">jsan_resources/corpora/amt/cc/cc_02_1.txt</document><document title="cc_03_1">jsan_resources/corpora/amt/cc/cc_03_1.txt</document><document title="cc_04_1">jsan_resources/corpora/amt/cc/cc_04_1.txt</document><document title="cc_05_1_2">jsan_resources/corpora/amt/cc/cc_05_1_2.txt</document><document title="cc_06_2">jsan_resources/corpora/amt/cc/cc_06_2.txt</document><document title="cc_07_2">jsan_resources/corpora/amt/cc/cc_07_2.txt</document><document title="cc_08_2">jsan_resources/corpora/amt/cc/cc_08_2.txt</document><document title="cc_09_2">jsan_resources/corpora/amt/cc/cc_09_2.txt</document><document title="cc_10_2">jsan_resources/corpora/amt/cc/cc_10_2.txt</document><document title="cc_11_2">jsan_resources/corpora/amt/cc/cc_11_2.txt</document><document title="cc_12_2_3">jsan_resources/corpora/amt/cc/cc_12_2_3.txt</document><document title="cc_13_3">jsan_resources/corpora/amt/cc/cc_13_3.txt</document><document title="cc_14_3">jsan_resources/corpora/amt/cc/cc_14_3.txt</document><document title="cc_15_3_4">jsan_resources/corpora/amt/cc/cc_15_3_4.txt</document><document title="cc_16_4">jsan_resources/corpora/amt/cc/cc_16_4.txt</document><document title="cc_17_4">jsan_resources/corpora/amt/cc/cc_17_4.txt</document><document title="cc_18_4">jsan_resources/corpora/amt/cc/cc_18_4.txt</document></author><author name="aa"><document title="aa_01_1">jsan_resources/corpora/amt/aa/aa_01_1.txt</document><document title="aa_02_1_2">jsan_resources/corpora/amt/aa/aa_02_1_2.txt</document><document title="aa_03_2">jsan_resources/corpora/amt/aa/aa_03_2.txt</document><document title="aa_04_2">jsan_resources/corpora/amt/aa/aa_04_2.txt</document><document title="aa_05_2">jsan_resources/corpora/amt/aa/aa_05_2.txt</document><document title="aa_06_2_3">jsan_resources/corpora/amt/aa/aa_06_2_3.txt</document><document title="aa_07_3_4">jsan_resources/corpora/amt/aa/aa_07_3_4.txt</document><document title="aa_08_4">jsan_resources/corpora/amt/aa/aa_08_4.txt</document><document title="aa_09_4">jsan_resources/corpora/amt/aa/aa_09_4.txt</document><document title="aa_10_4">jsan_resources/corpora/amt/aa/aa_10_4.txt</document><document title="aa_11_4">jsan_resources/corpora/amt/aa/aa_11_4.txt</document><document title="aa_12_4_5">jsan_resources/corpora/amt/aa/aa_12_4_5.txt</document><document title="aa_13_5_6">jsan_resources/corpora/amt/aa/aa_13_5_6.txt</document><document title="aa_14_6">jsan_resources/corpora/amt/aa/aa_14_6.txt</document></author><author name="uu"><document title="uu_01_1">jsan_resources/corpora/amt/uu/uu_01_1.txt</document><document title="uu_02_1">jsan_resources/corpora/amt/uu/uu_02_1.txt</document><document title="uu_03_1">jsan_resources/corpora/amt/uu/uu_03_1.txt</document><document title="uu_04_1">jsan_resources/corpora/amt/uu/uu_04_1.txt</document><document title="uu_05_1">jsan_resources/corpora/amt/uu/uu_05_1.txt</document><document title="uu_06_1">jsan_resources/corpora/amt/uu/uu_06_1.txt</document><document title="uu_07_1_2">jsan_resources/corpora/amt/uu/uu_07_1_2.txt</document><document title="uu_08_2">jsan_resources/corpora/amt/uu/uu_08_2.txt</document><document title="uu_09_2_3">jsan_resources/corpora/amt/uu/uu_09_2_3.txt</document><document title="uu_10_3">jsan_resources/corpora/amt/uu/uu_10_3.txt</document><document title="uu_11_3">jsan_resources/corpora/amt/uu/uu_11_3.txt</document><document title="uu_12_3_4">jsan_resources/corpora/amt/uu/uu_12_3_4.txt</document><document title="uu_13_4">jsan_resources/corpora/amt/uu/uu_13_4.txt</document><document title="uu_14_4_5">jsan_resources/corpora/amt/uu/uu_14_4_5.txt</document><document title="uu_15_5">jsan_resources/corpora/amt/uu/uu_15_5.txt</document><document title="uu_16_5">jsan_resources/corpora/amt/uu/uu_16_5.txt</document><document title="uu_17_5_6">jsan_resources/corpora/amt/uu/uu_17_5_6.txt</document><document title="uu_18_6">jsan_resources/corpora/amt/uu/uu_18_6.txt</document></author><author name="pp"><document title="pp_01_1">jsan_resources/corpora/amt/pp/pp_01_1.txt</document><document title="pp_02_1">jsan_resources/corpora/amt/pp/pp_02_1.txt</document><document title="pp_03_1">jsan_resources/corpora/amt/pp/pp_03_1.txt</document><document title="pp_04_1">jsan_resources/corpora/amt/pp/pp_04_1.txt</document><document title="pp_05_1">jsan_resources/corpora/amt/pp/pp_05_1.txt</document><document title="pp_06_1">jsan_resources/corpora/amt/pp/pp_06_1.txt</document><document title="pp_07_1">jsan_resources/corpora/amt/pp/pp_07_1.txt</document><document title="pp_08_1">jsan_resources/corpora/amt/pp/pp_08_1.txt</document><document title="pp_09_1">jsan_resources/corpora/amt/pp/pp_09_1.txt</document><document title="pp_10_1">jsan_resources/corpora/amt/pp/pp_10_1.txt</document><document title="pp_11_1">jsan_resources/corpora/amt/pp/pp_11_1.txt</document><document title="pp_12_1">jsan_resources/corpora/amt/pp/pp_12_1.txt</document><document title="pp_13_1">jsan_resources/corpora/amt/pp/pp_13_1.txt</document><document title="pp_14_1">jsan_resources/corpora/amt/pp/pp_14_1.txt</document><document title="pp_15_1">jsan_resources/corpora/amt/pp/pp_15_1.txt</document><document title="pp_16_1">jsan_resources/corpora/amt/pp/pp_16_1.txt</document><document title="pp_17_1">jsan_resources/corpora/amt/pp/pp_17_1.txt</document><document title="pp_18_1">jsan_resources/corpora/amt/pp/pp_18_1.txt</document><document title="pp_19_1">jsan_resources/corpora/amt/pp/pp_19_1.txt</document><document title="pp_20_1">jsan_resources/corpora/amt/pp/pp_20_1.txt</document><document title="pp_21_1">jsan_resources/corpora/amt/pp/pp_21_1.txt</document><document title="pp_22_1">jsan_resources/corpora/amt/pp/pp_22_1.txt</document></author><author name="h"><document title="h_01_1">jsan_resources/corpora/amt/h/h_01_1.txt</document><document title="h_02_1">jsan_resources/corpora/amt/h/h_02_1.txt</document><document title="h_03_1">jsan_resources/corpora/amt/h/h_03_1.txt</document><document title="h_04_1">jsan_resources/corpora/amt/h/h_04_1.txt</document><document title="h_05_1">jsan_resources/corpora/amt/h/h_05_1.txt</document><document title="h_06_1">jsan_resources/corpora/amt/h/h_06_1.txt</document><document title="h_07_1">jsan_resources/corpora/amt/h/h_07_1.txt</document><document title="h_08_1_2">jsan_resources/corpora/amt/h/h_08_1_2.txt</document><document title="h_09_2">jsan_resources/corpora/amt/h/h_09_2.txt</document><document title="h_10_2">jsan_resources/corpora/amt/h/h_10_2.txt</document><document title="h_11_2">jsan_resources/corpora/amt/h/h_11_2.txt</document><document title="h_12_2">jsan_resources/corpora/amt/h/h_12_2.txt</document><document title="h_13_2">jsan_resources/corpora/amt/h/h_13_2.txt</document><document title="h_14_2">jsan_resources/corpora/amt/h/h_14_2.txt</document><document title="h_15_2">jsan_resources/corpora/amt/h/h_15_2.txt</document><document title="h_16_2">jsan_resources/corpora/amt/h/h_16_2.txt</document><document title="h_17_2">jsan_resources/corpora/amt/h/h_17_2.txt</document><document title="h_18_2">jsan_resources/corpora/amt/h/h_18_2.txt</document></author><author name="ww"><document title="ww_01_1">jsan_resources/corpora/amt/ww/ww_01_1.txt</document><document title="ww_02_1">jsan_resources/corpora/amt/ww/ww_02_1.txt</document><document title="ww_03_1">jsan_resources/corpora/amt/ww/ww_03_1.txt</document><document title="ww_04_1_2">jsan_resources/corpora/amt/ww/ww_04_1_2.txt</document><document title="ww_05_2">jsan_resources/corpora/amt/ww/ww_05_2.txt</document><document title="ww_06_2">jsan_resources/corpora/amt/ww/ww_06_2.txt</document><document title="ww_07_2">jsan_resources/corpora/amt/ww/ww_07_2.txt</document><document title="ww_08_2">jsan_resources/corpora/amt/ww/ww_08_2.txt</document><document title="ww_09_2">jsan_resources/corpora/amt/ww/ww_09_2.txt</document><document title="ww_10_2_3">jsan_resources/corpora/amt/ww/ww_10_2_3.txt</document><document title="ww_11_3">jsan_resources/corpora/amt/ww/ww_11_3.txt</document><document title="ww_12_3">jsan_resources/corpora/amt/ww/ww_12_3.txt</document><document title="ww_13_3">jsan_resources/corpora/amt/ww/ww_13_3.txt</document><document title="ww_14_3">jsan_resources/corpora/amt/ww/ww_14_3.txt</document><document title="ww_15_3">jsan_resources/corpora/amt/ww/ww_15_3.txt</document></author><author name="rr"><document title="rr_01_1">jsan_resources/corpora/amt/rr/rr_01_1.txt</document><document title="rr_02_1">jsan_resources/corpora/amt/rr/rr_02_1.txt</document><document title="rr_03_1_2">jsan_resources/corpora/amt/rr/rr_03_1_2.txt</document><document title="rr_04_2">jsan_resources/corpora/amt/rr/rr_04_2.txt</document><document title="rr_05_2">jsan_resources/corpora/amt/rr/rr_05_2.txt</document><document title="rr_06_2">jsan_resources/corpora/amt/rr/rr_06_2.txt</document><document title="rr_07_2_3">jsan_resources/corpora/amt/rr/rr_07_2_3.txt</document><document title="rr_08_3">jsan_resources/corpora/amt/rr/rr_08_3.txt</document><document title="rr_09_3">jsan_resources/corpora/amt/rr/rr_09_3.txt</document><document title="rr_10_3">jsan_resources/corpora/amt/rr/rr_10_3.txt</document><document title="rr_11_3">jsan_resources/corpora/amt/rr/rr_11_3.txt</document><document title="rr_12_3_4">jsan_resources/corpora/amt/rr/rr_12_3_4.txt</document><document title="rr_13_4">jsan_resources/corpora/amt/rr/rr_13_4.txt</document><document title="rr_14_4">jsan_resources/corpora/amt/rr/rr_14_4.txt</document></author><author name="vv"><document title="vv_01_1">jsan_resources/corpora/amt/vv/vv_01_1.txt</document><document title="vv_02_1_2">jsan_resources/corpora/amt/vv/vv_02_1_2.txt</document><document title="vv_03_2">jsan_resources/corpora/amt/vv/vv_03_2.txt</document><document title="vv_04_2_3">jsan_resources/corpora/amt/vv/vv_04_2_3.txt</document><document title="vv_05_3_4">jsan_resources/corpora/amt/vv/vv_05_3_4.txt</document><document title="vv_06_4">jsan_resources/corpora/amt/vv/vv_06_4.txt</document><document title="vv_07_4">jsan_resources/corpora/amt/vv/vv_07_4.txt</document><document title="vv_08_4">jsan_resources/corpora/amt/vv/vv_08_4.txt</document><document title="vv_09_4">jsan_resources/corpora/amt/vv/vv_09_4.txt</document><document title="vv_10_4">jsan_resources/corpora/amt/vv/vv_10_4.txt</document><document title="vv_11_4_5">jsan_resources/corpora/amt/vv/vv_11_4_5.txt</document><document title="vv_12_5_6">jsan_resources/corpora/amt/vv/vv_12_5_6.txt</document><document title="vv_13_6">jsan_resources/corpora/amt/vv/vv_13_6.txt</document><document title="vv_14_6">jsan_resources/corpora/amt/vv/vv_14_6.txt</document></author><author name="gg"><document title="gg_01_1">jsan_resources/corpora/amt/gg/gg_01_1.txt</document><document title="gg_02_1">jsan_resources/corpora/amt/gg/gg_02_1.txt</document><document title="gg_03_1">jsan_resources/corpora/amt/gg/gg_03_1.txt</document><document title="gg_04_1_2">jsan_resources/corpora/amt/gg/gg_04_1_2.txt</document><document title="gg_05_2">jsan_resources/corpora/amt/gg/gg_05_2.txt</document><document title="gg_06_2">jsan_resources/corpora/amt/gg/gg_06_2.txt</document><document title="gg_07_2">jsan_resources/corpora/amt/gg/gg_07_2.txt</document><document title="gg_08_2">jsan_resources/corpora/amt/gg/gg_08_2.txt</document><document title="gg_09_2_3">jsan_resources/corpora/amt/gg/gg_09_2_3.txt</document><document title="gg_10_3_4">jsan_resources/corpora/amt/gg/gg_10_3_4.txt</document><document title="gg_11_4_5">jsan_resources/corpora/amt/gg/gg_11_4_5.txt</document><document title="gg_12_5_6">jsan_resources/corpora/amt/gg/gg_12_5_6.txt</document><document title="gg_13_6">jsan_resources/corpora/amt/gg/gg_13_6.txt</document><document title="gg_14_6">jsan_resources/corpora/amt/gg/gg_14_6.txt</document></author><author name="g"><document title="g_01_1">jsan_resources/corpora/amt/g/g_01_1.txt</document><document title="g_02_1">jsan_resources/corpora/amt/g/g_02_1.txt</document><document title="g_03_1">jsan_resources/corpora/amt/g/g_03_1.txt</document><document title="g_04_1">jsan_resources/corpora/amt/g/g_04_1.txt</document><document title="g_05_1">jsan_resources/corpora/amt/g/g_05_1.txt</document><document title="g_06_1">jsan_resources/corpora/amt/g/g_06_1.txt</document><document title="g_07_1">jsan_resources/corpora/amt/g/g_07_1.txt</document><document title="g_08_1">jsan_resources/corpora/amt/g/g_08_1.txt</document><document title="g_09_1">jsan_resources/corpora/amt/g/g_09_1.txt</document><document title="g_10_1">jsan_resources/corpora/amt/g/g_10_1.txt</document><document title="g_11_1">jsan_resources/corpora/amt/g/g_11_1.txt</document><document title="g_12_1">jsan_resources/corpora/amt/g/g_12_1.txt</document><document title="g_13_1">jsan_resources/corpora/amt/g/g_13_1.txt</document><document title="g_14_1">jsan_resources/corpora/amt/g/g_14_1.txt</document><document title="g_15_1">jsan_resources/corpora/amt/g/g_15_1.txt</document><document title="g_16_1">jsan_resources/corpora/amt/g/g_16_1.txt</document></author></training></problem-set>