<?xml version="1.0" encoding="UTF-8" standalone="no"?><problem-set><training name="author_detect_5_81"><author name="z"><document title="z_01_1">jsan_resources/corpora/amt/z/z_01_1.txt</document><document title="z_02_1_2">jsan_resources/corpora/amt/z/z_02_1_2.txt</document><document title="z_03_2">jsan_resources/corpora/amt/z/z_03_2.txt</document><document title="z_04_2">jsan_resources/corpora/amt/z/z_04_2.txt</document><document title="z_05_2">jsan_resources/corpora/amt/z/z_05_2.txt</document><document title="z_06_2">jsan_resources/corpora/amt/z/z_06_2.txt</document><document title="z_07_2_3">jsan_resources/corpora/amt/z/z_07_2_3.txt</document><document title="z_08_3">jsan_resources/corpora/amt/z/z_08_3.txt</document><document title="z_09_3">jsan_resources/corpora/amt/z/z_09_3.txt</document><document title="z_10_3">jsan_resources/corpora/amt/z/z_10_3.txt</document><document title="z_11_3">jsan_resources/corpora/amt/z/z_11_3.txt</document><document title="z_12_3">jsan_resources/corpora/amt/z/z_12_3.txt</document><document title="z_13_3_4">jsan_resources/corpora/amt/z/z_13_3_4.txt</document></author><author name="i"><document title="i_01_1">jsan_resources/corpora/amt/i/i_01_1.txt</document><document title="i_02_1_2">jsan_resources/corpora/amt/i/i_02_1_2.txt</document><document title="i_03_2">jsan_resources/corpora/amt/i/i_03_2.txt</document><document title="i_04_2_3">jsan_resources/corpora/amt/i/i_04_2_3.txt</document><document title="i_05_3">jsan_resources/corpora/amt/i/i_05_3.txt</document><document title="i_06_3">jsan_resources/corpora/amt/i/i_06_3.txt</document><document title="i_07_3">jsan_resources/corpora/amt/i/i_07_3.txt</document><document title="i_08_3">jsan_resources/corpora/amt/i/i_08_3.txt</document><document title="i_09_3_4">jsan_resources/corpora/amt/i/i_09_3_4.txt</document><document title="i_10_4">jsan_resources/corpora/amt/i/i_10_4.txt</document><document title="i_11_4">jsan_resources/corpora/amt/i/i_11_4.txt</document><document title="i_12_4_5">jsan_resources/corpora/amt/i/i_12_4_5.txt</document><document title="i_13_5_6">jsan_resources/corpora/amt/i/i_13_5_6.txt</document><document title="i_14_6">jsan_resources/corpora/amt/i/i_14_6.txt</document></author><author name="rr"><document title="rr_01_1">jsan_resources/corpora/amt/rr/rr_01_1.txt</document><document title="rr_02_1">jsan_resources/corpora/amt/rr/rr_02_1.txt</document><document title="rr_03_1_2">jsan_resources/corpora/amt/rr/rr_03_1_2.txt</document><document title="rr_04_2">jsan_resources/corpora/amt/rr/rr_04_2.txt</document><document title="rr_05_2">jsan_resources/corpora/amt/rr/rr_05_2.txt</document><document title="rr_06_2">jsan_resources/corpora/amt/rr/rr_06_2.txt</document><document title="rr_07_2_3">jsan_resources/corpora/amt/rr/rr_07_2_3.txt</document><document title="rr_08_3">jsan_resources/corpora/amt/rr/rr_08_3.txt</document><document title="rr_09_3">jsan_resources/corpora/amt/rr/rr_09_3.txt</document><document title="rr_10_3">jsan_resources/corpora/amt/rr/rr_10_3.txt</document><document title="rr_11_3">jsan_resources/corpora/amt/rr/rr_11_3.txt</document><document title="rr_12_3_4">jsan_resources/corpora/amt/rr/rr_12_3_4.txt</document><document title="rr_13_4">jsan_resources/corpora/amt/rr/rr_13_4.txt</document><document title="rr_14_4">jsan_resources/corpora/amt/rr/rr_14_4.txt</document></author><author name="ss"><document title="ss_01_1">jsan_resources/corpora/amt/ss/ss_01_1.txt</document><document title="ss_02_1">jsan_resources/corpora/amt/ss/ss_02_1.txt</document><document title="ss_03_1">jsan_resources/corpora/amt/ss/ss_03_1.txt</document><document title="ss_04_1">jsan_resources/corpora/amt/ss/ss_04_1.txt</document><document title="ss_05_1">jsan_resources/corpora/amt/ss/ss_05_1.txt</document><document title="ss_06_1">jsan_resources/corpora/amt/ss/ss_06_1.txt</document><document title="ss_07_1_2">jsan_resources/corpora/amt/ss/ss_07_1_2.txt</document><document title="ss_08_2">jsan_resources/corpora/amt/ss/ss_08_2.txt</document><document title="ss_09_2">jsan_resources/corpora/amt/ss/ss_09_2.txt</document><document title="ss_10_2">jsan_resources/corpora/amt/ss/ss_10_2.txt</document><document title="ss_11_2">jsan_resources/corpora/amt/ss/ss_11_2.txt</document><document title="ss_12_2">jsan_resources/corpora/amt/ss/ss_12_2.txt</document><document title="ss_13_2">jsan_resources/corpora/amt/ss/ss_13_2.txt</document><document title="ss_14_2_3">jsan_resources/corpora/amt/ss/ss_14_2_3.txt</document><document title="ss_15_3">jsan_resources/corpora/amt/ss/ss_15_3.txt</document></author><author name="f"><document title="f_01_1">jsan_resources/corpora/amt/f/f_01_1.txt</document><document title="f_02_1">jsan_resources/corpora/amt/f/f_02_1.txt</document><document title="f_03_1_2">jsan_resources/corpora/amt/f/f_03_1_2.txt</document><document title="f_04_2">jsan_resources/corpora/amt/f/f_04_2.txt</document><document title="f_05_2">jsan_resources/corpora/amt/f/f_05_2.txt</document><document title="f_06_2">jsan_resources/corpora/amt/f/f_06_2.txt</document><document title="f_07_2">jsan_resources/corpora/amt/f/f_07_2.txt</document><document title="f_08_2">jsan_resources/corpora/amt/f/f_08_2.txt</document><document title="f_09_2">jsan_resources/corpora/amt/f/f_09_2.txt</document><document title="f_10_2_3">jsan_resources/corpora/amt/f/f_10_2_3.txt</document><document title="f_11_3">jsan_resources/corpora/amt/f/f_11_3.txt</document><document title="f_12_3">jsan_resources/corpora/amt/f/f_12_3.txt</document><document title="f_13_3">jsan_resources/corpora/amt/f/f_13_3.txt</document><document title="f_14_3">jsan_resources/corpora/amt/f/f_14_3.txt</document><document title="f_15_3">jsan_resources/corpora/amt/f/f_15_3.txt</document><document title="f_16_3">jsan_resources/corpora/amt/f/f_16_3.txt</document><document title="f_17_3">jsan_resources/corpora/amt/f/f_17_3.txt</document></author></training></problem-set>