<?xml version="1.0" encoding="UTF-8" standalone="no"?><problem-set><training name="author_detect_5_73"><author name="mm"><document title="mm_01_1">jsan_resources/corpora/amt/mm/mm_01_1.txt</document><document title="mm_02_1">jsan_resources/corpora/amt/mm/mm_02_1.txt</document><document title="mm_03_1">jsan_resources/corpora/amt/mm/mm_03_1.txt</document><document title="mm_04_1">jsan_resources/corpora/amt/mm/mm_04_1.txt</document><document title="mm_05_1">jsan_resources/corpora/amt/mm/mm_05_1.txt</document><document title="mm_06_1">jsan_resources/corpora/amt/mm/mm_06_1.txt</document><document title="mm_07_1">jsan_resources/corpora/amt/mm/mm_07_1.txt</document><document title="mm_08_1">jsan_resources/corpora/amt/mm/mm_08_1.txt</document><document title="mm_09_1">jsan_resources/corpora/amt/mm/mm_09_1.txt</document><document title="mm_10_1_2">jsan_resources/corpora/amt/mm/mm_10_1_2.txt</document><document title="mm_11_2">jsan_resources/corpora/amt/mm/mm_11_2.txt</document><document title="mm_12_2">jsan_resources/corpora/amt/mm/mm_12_2.txt</document><document title="mm_13_2">jsan_resources/corpora/amt/mm/mm_13_2.txt</document><document title="mm_14_2">jsan_resources/corpora/amt/mm/mm_14_2.txt</document></author><author name="o"><document title="o_01_1">jsan_resources/corpora/amt/o/o_01_1.txt</document><document title="o_02_1_2">jsan_resources/corpora/amt/o/o_02_1_2.txt</document><document title="o_03_2">jsan_resources/corpora/amt/o/o_03_2.txt</document><document title="o_04_2_3">jsan_resources/corpora/amt/o/o_04_2_3.txt</document><document title="o_05_3_4">jsan_resources/corpora/amt/o/o_05_3_4.txt</document><document title="o_06_4">jsan_resources/corpora/amt/o/o_06_4.txt</document><document title="o_07_4">jsan_resources/corpora/amt/o/o_07_4.txt</document><document title="o_08_4_5">jsan_resources/corpora/amt/o/o_08_4_5.txt</document><document title="o_09_5">jsan_resources/corpora/amt/o/o_09_5.txt</document><document title="o_10_5">jsan_resources/corpora/amt/o/o_10_5.txt</document><document title="o_11_5_6">jsan_resources/corpora/amt/o/o_11_5_6.txt</document><document title="o_12_6_7">jsan_resources/corpora/amt/o/o_12_6_7.txt</document><document title="o_13_7">jsan_resources/corpora/amt/o/o_13_7.txt</document><document title="o_14_7">jsan_resources/corpora/amt/o/o_14_7.txt</document><document title="o_15_7_8">jsan_resources/corpora/amt/o/o_15_7_8.txt</document></author><author name="p"><document title="p_01_1">jsan_resources/corpora/amt/p/p_01_1.txt</document><document title="p_02_1">jsan_resources/corpora/amt/p/p_02_1.txt</document><document title="p_03_1">jsan_resources/corpora/amt/p/p_03_1.txt</document><document title="p_04_1">jsan_resources/corpora/amt/p/p_04_1.txt</document><document title="p_05_1">jsan_resources/corpora/amt/p/p_05_1.txt</document><document title="p_06_1">jsan_resources/corpora/amt/p/p_06_1.txt</document><document title="p_07_1">jsan_resources/corpora/amt/p/p_07_1.txt</document><document title="p_08_1_2">jsan_resources/corpora/amt/p/p_08_1_2.txt</document><document title="p_09_2">jsan_resources/corpora/amt/p/p_09_2.txt</document><document title="p_10_2">jsan_resources/corpora/amt/p/p_10_2.txt</document><document title="p_11_2">jsan_resources/corpora/amt/p/p_11_2.txt</document><document title="p_12_2">jsan_resources/corpora/amt/p/p_12_2.txt</document><document title="p_13_2_3">jsan_resources/corpora/amt/p/p_13_2_3.txt</document><document title="p_14_3">jsan_resources/corpora/amt/p/p_14_3.txt</document><document title="p_15_3">jsan_resources/corpora/amt/p/p_15_3.txt</document><document title="p_16_3">jsan_resources/corpora/amt/p/p_16_3.txt</document><document title="p_17_3">jsan_resources/corpora/amt/p/p_17_3.txt</document><document title="p_18_3">jsan_resources/corpora/amt/p/p_18_3.txt</document><document title="p_19_3">jsan_resources/corpora/amt/p/p_19_3.txt</document><document title="p_20_3">jsan_resources/corpora/amt/p/p_20_3.txt</document></author><author name="w"><document title="w_01_1">jsan_resources/corpora/amt/w/w_01_1.txt</document><document title="w_02_1">jsan_resources/corpora/amt/w/w_02_1.txt</document><document title="w_03_1_2">jsan_resources/corpora/amt/w/w_03_1_2.txt</document><document title="w_04_2">jsan_resources/corpora/amt/w/w_04_2.txt</document><document title="w_05_2">jsan_resources/corpora/amt/w/w_05_2.txt</document><document title="w_06_2">jsan_resources/corpora/amt/w/w_06_2.txt</document><document title="w_07_2">jsan_resources/corpora/amt/w/w_07_2.txt</document><document title="w_08_2">jsan_resources/corpora/amt/w/w_08_2.txt</document><document title="w_09_2">jsan_resources/corpora/amt/w/w_09_2.txt</document><document title="w_10_2_3">jsan_resources/corpora/amt/w/w_10_2_3.txt</document><document title="w_11_3_4">jsan_resources/corpora/amt/w/w_11_3_4.txt</document><document title="w_12_4">jsan_resources/corpora/amt/w/w_12_4.txt</document><document title="w_13_4_5">jsan_resources/corpora/amt/w/w_13_4_5.txt</document><document title="w_14_5">jsan_resources/corpora/amt/w/w_14_5.txt</document></author><author name="bb"><document title="bb_01_1">jsan_resources/corpora/amt/bb/bb_01_1.txt</document><document title="bb_02_1">jsan_resources/corpora/amt/bb/bb_02_1.txt</document><document title="bb_03_1_2">jsan_resources/corpora/amt/bb/bb_03_1_2.txt</document><document title="bb_04_2">jsan_resources/corpora/amt/bb/bb_04_2.txt</document><document title="bb_05_2">jsan_resources/corpora/amt/bb/bb_05_2.txt</document><document title="bb_06_2">jsan_resources/corpora/amt/bb/bb_06_2.txt</document><document title="bb_07_2">jsan_resources/corpora/amt/bb/bb_07_2.txt</document><document title="bb_08_2">jsan_resources/corpora/amt/bb/bb_08_2.txt</document><document title="bb_09_2">jsan_resources/corpora/amt/bb/bb_09_2.txt</document><document title="bb_10_2_3">jsan_resources/corpora/amt/bb/bb_10_2_3.txt</document><document title="bb_11_3">jsan_resources/corpora/amt/bb/bb_11_3.txt</document><document title="bb_12_3_4">jsan_resources/corpora/amt/bb/bb_12_3_4.txt</document><document title="bb_13_4">jsan_resources/corpora/amt/bb/bb_13_4.txt</document><document title="bb_14_4">jsan_resources/corpora/amt/bb/bb_14_4.txt</document><document title="bb_15_4_5">jsan_resources/corpora/amt/bb/bb_15_4_5.txt</document><document title="bb_16_5">jsan_resources/corpora/amt/bb/bb_16_5.txt</document><document title="bb_17_5">jsan_resources/corpora/amt/bb/bb_17_5.txt</document><document title="bb_18_5_6">jsan_resources/corpora/amt/bb/bb_18_5_6.txt</document><document title="bb_19_6">jsan_resources/corpora/amt/bb/bb_19_6.txt</document></author></training></problem-set>