<?xml version="1.0" encoding="UTF-8" standalone="no"?><problem-set><training name="author_detect_25_53"><author name="vv"><document title="vv_01_1">jsan_resources/corpora/amt/vv/vv_01_1.txt</document><document title="vv_02_1_2">jsan_resources/corpora/amt/vv/vv_02_1_2.txt</document><document title="vv_03_2">jsan_resources/corpora/amt/vv/vv_03_2.txt</document><document title="vv_04_2_3">jsan_resources/corpora/amt/vv/vv_04_2_3.txt</document><document title="vv_05_3_4">jsan_resources/corpora/amt/vv/vv_05_3_4.txt</document><document title="vv_06_4">jsan_resources/corpora/amt/vv/vv_06_4.txt</document><document title="vv_07_4">jsan_resources/corpora/amt/vv/vv_07_4.txt</document><document title="vv_08_4">jsan_resources/corpora/amt/vv/vv_08_4.txt</document><document title="vv_09_4">jsan_resources/corpora/amt/vv/vv_09_4.txt</document><document title="vv_10_4">jsan_resources/corpora/amt/vv/vv_10_4.txt</document><document title="vv_11_4_5">jsan_resources/corpora/amt/vv/vv_11_4_5.txt</document><document title="vv_12_5_6">jsan_resources/corpora/amt/vv/vv_12_5_6.txt</document><document title="vv_13_6">jsan_resources/corpora/amt/vv/vv_13_6.txt</document><document title="vv_14_6">jsan_resources/corpora/amt/vv/vv_14_6.txt</document></author><author name="ss"><document title="ss_01_1">jsan_resources/corpora/amt/ss/ss_01_1.txt</document><document title="ss_02_1">jsan_resources/corpora/amt/ss/ss_02_1.txt</document><document title="ss_03_1">jsan_resources/corpora/amt/ss/ss_03_1.txt</document><document title="ss_04_1">jsan_resources/corpora/amt/ss/ss_04_1.txt</document><document title="ss_05_1">jsan_resources/corpora/amt/ss/ss_05_1.txt</document><document title="ss_06_1">jsan_resources/corpora/amt/ss/ss_06_1.txt</document><document title="ss_07_1_2">jsan_resources/corpora/amt/ss/ss_07_1_2.txt</document><document title="ss_08_2">jsan_resources/corpora/amt/ss/ss_08_2.txt</document><document title="ss_09_2">jsan_resources/corpora/amt/ss/ss_09_2.txt</document><document title="ss_10_2">jsan_resources/corpora/amt/ss/ss_10_2.txt</document><document title="ss_11_2">jsan_resources/corpora/amt/ss/ss_11_2.txt</document><document title="ss_12_2">jsan_resources/corpora/amt/ss/ss_12_2.txt</document><document title="ss_13_2">jsan_resources/corpora/amt/ss/ss_13_2.txt</document><document title="ss_14_2_3">jsan_resources/corpora/amt/ss/ss_14_2_3.txt</document><document title="ss_15_3">jsan_resources/corpora/amt/ss/ss_15_3.txt</document></author><author name="d"><document title="d_01_1">jsan_resources/corpora/amt/d/d_01_1.txt</document><document title="d_02_1">jsan_resources/corpora/amt/d/d_02_1.txt</document><document title="d_03_1">jsan_resources/corpora/amt/d/d_03_1.txt</document><document title="d_04_1_2">jsan_resources/corpora/amt/d/d_04_1_2.txt</document><document title="d_05_2">jsan_resources/corpora/amt/d/d_05_2.txt</document><document title="d_06_2">jsan_resources/corpora/amt/d/d_06_2.txt</document><document title="d_07_2">jsan_resources/corpora/amt/d/d_07_2.txt</document><document title="d_08_2_3">jsan_resources/corpora/amt/d/d_08_2_3.txt</document><document title="d_09_3">jsan_resources/corpora/amt/d/d_09_3.txt</document><document title="d_10_3">jsan_resources/corpora/amt/d/d_10_3.txt</document><document title="d_11_3_4">jsan_resources/corpora/amt/d/d_11_3_4.txt</document><document title="d_12_4">jsan_resources/corpora/amt/d/d_12_4.txt</document><document title="d_13_4">jsan_resources/corpora/amt/d/d_13_4.txt</document></author><author name="dd"><document title="dd_01_1">jsan_resources/corpora/amt/dd/dd_01_1.txt</document><document title="dd_02_1">jsan_resources/corpora/amt/dd/dd_02_1.txt</document><document title="dd_03_1">jsan_resources/corpora/amt/dd/dd_03_1.txt</document><document title="dd_04_1">jsan_resources/corpora/amt/dd/dd_04_1.txt</document><document title="dd_05_1_2">jsan_resources/corpora/amt/dd/dd_05_1_2.txt</document><document title="dd_06_2">jsan_resources/corpora/amt/dd/dd_06_2.txt</document><document title="dd_07_2_3">jsan_resources/corpora/amt/dd/dd_07_2_3.txt</document><document title="dd_08_3_4">jsan_resources/corpora/amt/dd/dd_08_3_4.txt</document><document title="dd_09_4">jsan_resources/corpora/amt/dd/dd_09_4.txt</document><document title="dd_10_4_5">jsan_resources/corpora/amt/dd/dd_10_4_5.txt</document><document title="dd_11_5_6">jsan_resources/corpora/amt/dd/dd_11_5_6.txt</document><document title="dd_12_6">jsan_resources/corpora/amt/dd/dd_12_6.txt</document><document title="dd_13_6">jsan_resources/corpora/amt/dd/dd_13_6.txt</document><document title="dd_14_6">jsan_resources/corpora/amt/dd/dd_14_6.txt</document></author><author name="o"><document title="o_01_1">jsan_resources/corpora/amt/o/o_01_1.txt</document><document title="o_02_1_2">jsan_resources/corpora/amt/o/o_02_1_2.txt</document><document title="o_03_2">jsan_resources/corpora/amt/o/o_03_2.txt</document><document title="o_04_2_3">jsan_resources/corpora/amt/o/o_04_2_3.txt</document><document title="o_05_3_4">jsan_resources/corpora/amt/o/o_05_3_4.txt</document><document title="o_06_4">jsan_resources/corpora/amt/o/o_06_4.txt</document><document title="o_07_4">jsan_resources/corpora/amt/o/o_07_4.txt</document><document title="o_08_4_5">jsan_resources/corpora/amt/o/o_08_4_5.txt</document><document title="o_09_5">jsan_resources/corpora/amt/o/o_09_5.txt</document><document title="o_10_5">jsan_resources/corpora/amt/o/o_10_5.txt</document><document title="o_11_5_6">jsan_resources/corpora/amt/o/o_11_5_6.txt</document><document title="o_12_6_7">jsan_resources/corpora/amt/o/o_12_6_7.txt</document><document title="o_13_7">jsan_resources/corpora/amt/o/o_13_7.txt</document><document title="o_14_7">jsan_resources/corpora/amt/o/o_14_7.txt</document><document title="o_15_7_8">jsan_resources/corpora/amt/o/o_15_7_8.txt</document></author><author name="r"><document title="r_01_1">jsan_resources/corpora/amt/r/r_01_1.txt</document><document title="r_02_1">jsan_resources/corpora/amt/r/r_02_1.txt</document><document title="r_03_1_2">jsan_resources/corpora/amt/r/r_03_1_2.txt</document><document title="r_04_2">jsan_resources/corpora/amt/r/r_04_2.txt</document><document title="r_05_2">jsan_resources/corpora/amt/r/r_05_2.txt</document><document title="r_06_2">jsan_resources/corpora/amt/r/r_06_2.txt</document><document title="r_07_2_3">jsan_resources/corpora/amt/r/r_07_2_3.txt</document><document title="r_08_3_4">jsan_resources/corpora/amt/r/r_08_3_4.txt</document><document title="r_09_4">jsan_resources/corpora/amt/r/r_09_4.txt</document><document title="r_10_4_5">jsan_resources/corpora/amt/r/r_10_4_5.txt</document><document title="r_11_5">jsan_resources/corpora/amt/r/r_11_5.txt</document><document title="r_12_5_6">jsan_resources/corpora/amt/r/r_12_5_6.txt</document><document title="r_13_6">jsan_resources/corpora/amt/r/r_13_6.txt</document><document title="r_14_6">jsan_resources/corpora/amt/r/r_14_6.txt</document></author><author name="y"><document title="y_01_1">jsan_resources/corpora/amt/y/y_01_1.txt</document><document title="y_02_1">jsan_resources/corpora/amt/y/y_02_1.txt</document><document title="y_03_1_2">jsan_resources/corpora/amt/y/y_03_1_2.txt</document><document title="y_04_2">jsan_resources/corpora/amt/y/y_04_2.txt</document><document title="y_05_2">jsan_resources/corpora/amt/y/y_05_2.txt</document><document title="y_06_2">jsan_resources/corpora/amt/y/y_06_2.txt</document><document title="y_07_2">jsan_resources/corpora/amt/y/y_07_2.txt</document><document title="y_08_2">jsan_resources/corpora/amt/y/y_08_2.txt</document><document title="y_09_2_3">jsan_resources/corpora/amt/y/y_09_2_3.txt</document><document title="y_10_3">jsan_resources/corpora/amt/y/y_10_3.txt</document><document title="y_11_3">jsan_resources/corpora/amt/y/y_11_3.txt</document><document title="y_12_3">jsan_resources/corpora/amt/y/y_12_3.txt</document><document title="y_13_3">jsan_resources/corpora/amt/y/y_13_3.txt</document></author><author name="f"><document title="f_01_1">jsan_resources/corpora/amt/f/f_01_1.txt</document><document title="f_02_1">jsan_resources/corpora/amt/f/f_02_1.txt</document><document title="f_03_1_2">jsan_resources/corpora/amt/f/f_03_1_2.txt</document><document title="f_04_2">jsan_resources/corpora/amt/f/f_04_2.txt</document><document title="f_05_2">jsan_resources/corpora/amt/f/f_05_2.txt</document><document title="f_06_2">jsan_resources/corpora/amt/f/f_06_2.txt</document><document title="f_07_2">jsan_resources/corpora/amt/f/f_07_2.txt</document><document title="f_08_2">jsan_resources/corpora/amt/f/f_08_2.txt</document><document title="f_09_2">jsan_resources/corpora/amt/f/f_09_2.txt</document><document title="f_10_2_3">jsan_resources/corpora/amt/f/f_10_2_3.txt</document><document title="f_11_3">jsan_resources/corpora/amt/f/f_11_3.txt</document><document title="f_12_3">jsan_resources/corpora/amt/f/f_12_3.txt</document><document title="f_13_3">jsan_resources/corpora/amt/f/f_13_3.txt</document><document title="f_14_3">jsan_resources/corpora/amt/f/f_14_3.txt</document><document title="f_15_3">jsan_resources/corpora/amt/f/f_15_3.txt</document><document title="f_16_3">jsan_resources/corpora/amt/f/f_16_3.txt</document><document title="f_17_3">jsan_resources/corpora/amt/f/f_17_3.txt</document></author><author name="hh"><document title="hh_01_1">jsan_resources/corpora/amt/hh/hh_01_1.txt</document><document title="hh_02_1_2">jsan_resources/corpora/amt/hh/hh_02_1_2.txt</document><document title="hh_03_2">jsan_resources/corpora/amt/hh/hh_03_2.txt</document><document title="hh_04_2">jsan_resources/corpora/amt/hh/hh_04_2.txt</document><document title="hh_05_2">jsan_resources/corpora/amt/hh/hh_05_2.txt</document><document title="hh_06_2">jsan_resources/corpora/amt/hh/hh_06_2.txt</document><document title="hh_07_2_3">jsan_resources/corpora/amt/hh/hh_07_2_3.txt</document><document title="hh_08_3">jsan_resources/corpora/amt/hh/hh_08_3.txt</document><document title="hh_09_3_4">jsan_resources/corpora/amt/hh/hh_09_3_4.txt</document><document title="hh_10_4">jsan_resources/corpora/amt/hh/hh_10_4.txt</document><document title="hh_11_4_5">jsan_resources/corpora/amt/hh/hh_11_4_5.txt</document><document title="hh_12_5">jsan_resources/corpora/amt/hh/hh_12_5.txt</document><document title="hh_13_5">jsan_resources/corpora/amt/hh/hh_13_5.txt</document><document title="hh_14_5">jsan_resources/corpora/amt/hh/hh_14_5.txt</document><document title="hh_15_5_6">jsan_resources/corpora/amt/hh/hh_15_5_6.txt</document><document title="hh_16_6">jsan_resources/corpora/amt/hh/hh_16_6.txt</document><document title="hh_17_6">jsan_resources/corpora/amt/hh/hh_17_6.txt</document><document title="hh_18_6">jsan_resources/corpora/amt/hh/hh_18_6.txt</document><document title="hh_19_6">jsan_resources/corpora/amt/hh/hh_19_6.txt</document><document title="hh_20_6">jsan_resources/corpora/amt/hh/hh_20_6.txt</document></author><author name="q"><document title="q_01_1">jsan_resources/corpora/amt/q/q_01_1.txt</document><document title="q_02_1">jsan_resources/corpora/amt/q/q_02_1.txt</document><document title="q_03_1">jsan_resources/corpora/amt/q/q_03_1.txt</document><document title="q_04_1">jsan_resources/corpora/amt/q/q_04_1.txt</document><document title="q_05_1">jsan_resources/corpora/amt/q/q_05_1.txt</document><document title="q_06_1">jsan_resources/corpora/amt/q/q_06_1.txt</document><document title="q_07_1">jsan_resources/corpora/amt/q/q_07_1.txt</document><document title="q_08_1">jsan_resources/corpora/amt/q/q_08_1.txt</document><document title="q_09_1">jsan_resources/corpora/amt/q/q_09_1.txt</document><document title="q_10_1_2">jsan_resources/corpora/amt/q/q_10_1_2.txt</document><document title="q_11_2">jsan_resources/corpora/amt/q/q_11_2.txt</document><document title="q_12_2">jsan_resources/corpora/amt/q/q_12_2.txt</document><document title="q_13_2">jsan_resources/corpora/amt/q/q_13_2.txt</document><document title="q_14_2_3">jsan_resources/corpora/amt/q/q_14_2_3.txt</document><document title="q_15_3">jsan_resources/corpora/amt/q/q_15_3.txt</document></author><author name="t"><document title="t_01_1">jsan_resources/corpora/amt/t/t_01_1.txt</document><document title="t_02_1">jsan_resources/corpora/amt/t/t_02_1.txt</document><document title="t_03_1_2">jsan_resources/corpora/amt/t/t_03_1_2.txt</document><document title="t_04_2">jsan_resources/corpora/amt/t/t_04_2.txt</document><document title="t_05_2">jsan_resources/corpora/amt/t/t_05_2.txt</document><document title="t_06_2_3">jsan_resources/corpora/amt/t/t_06_2_3.txt</document><document title="t_07_3">jsan_resources/corpora/amt/t/t_07_3.txt</document><document title="t_08_3">jsan_resources/corpora/amt/t/t_08_3.txt</document><document title="t_09_3_4">jsan_resources/corpora/amt/t/t_09_3_4.txt</document><document title="t_10_4">jsan_resources/corpora/amt/t/t_10_4.txt</document><document title="t_11_4">jsan_resources/corpora/amt/t/t_11_4.txt</document><document title="t_12_4">jsan_resources/corpora/amt/t/t_12_4.txt</document><document title="t_13_4">jsan_resources/corpora/amt/t/t_13_4.txt</document></author><author name="i"><document title="i_01_1">jsan_resources/corpora/amt/i/i_01_1.txt</document><document title="i_02_1_2">jsan_resources/corpora/amt/i/i_02_1_2.txt</document><document title="i_03_2">jsan_resources/corpora/amt/i/i_03_2.txt</document><document title="i_04_2_3">jsan_resources/corpora/amt/i/i_04_2_3.txt</document><document title="i_05_3">jsan_resources/corpora/amt/i/i_05_3.txt</document><document title="i_06_3">jsan_resources/corpora/amt/i/i_06_3.txt</document><document title="i_07_3">jsan_resources/corpora/amt/i/i_07_3.txt</document><document title="i_08_3">jsan_resources/corpora/amt/i/i_08_3.txt</document><document title="i_09_3_4">jsan_resources/corpora/amt/i/i_09_3_4.txt</document><document title="i_10_4">jsan_resources/corpora/amt/i/i_10_4.txt</document><document title="i_11_4">jsan_resources/corpora/amt/i/i_11_4.txt</document><document title="i_12_4_5">jsan_resources/corpora/amt/i/i_12_4_5.txt</document><document title="i_13_5_6">jsan_resources/corpora/amt/i/i_13_5_6.txt</document><document title="i_14_6">jsan_resources/corpora/amt/i/i_14_6.txt</document></author><author name="z"><document title="z_01_1">jsan_resources/corpora/amt/z/z_01_1.txt</document><document title="z_02_1_2">jsan_resources/corpora/amt/z/z_02_1_2.txt</document><document title="z_03_2">jsan_resources/corpora/amt/z/z_03_2.txt</document><document title="z_04_2">jsan_resources/corpora/amt/z/z_04_2.txt</document><document title="z_05_2">jsan_resources/corpora/amt/z/z_05_2.txt</document><document title="z_06_2">jsan_resources/corpora/amt/z/z_06_2.txt</document><document title="z_07_2_3">jsan_resources/corpora/amt/z/z_07_2_3.txt</document><document title="z_08_3">jsan_resources/corpora/amt/z/z_08_3.txt</document><document title="z_09_3">jsan_resources/corpora/amt/z/z_09_3.txt</document><document title="z_10_3">jsan_resources/corpora/amt/z/z_10_3.txt</document><document title="z_11_3">jsan_resources/corpora/amt/z/z_11_3.txt</document><document title="z_12_3">jsan_resources/corpora/amt/z/z_12_3.txt</document><document title="z_13_3_4">jsan_resources/corpora/amt/z/z_13_3_4.txt</document></author><author name="rr"><document title="rr_01_1">jsan_resources/corpora/amt/rr/rr_01_1.txt</document><document title="rr_02_1">jsan_resources/corpora/amt/rr/rr_02_1.txt</document><document title="rr_03_1_2">jsan_resources/corpora/amt/rr/rr_03_1_2.txt</document><document title="rr_04_2">jsan_resources/corpora/amt/rr/rr_04_2.txt</document><document title="rr_05_2">jsan_resources/corpora/amt/rr/rr_05_2.txt</document><document title="rr_06_2">jsan_resources/corpora/amt/rr/rr_06_2.txt</document><document title="rr_07_2_3">jsan_resources/corpora/amt/rr/rr_07_2_3.txt</document><document title="rr_08_3">jsan_resources/corpora/amt/rr/rr_08_3.txt</document><document title="rr_09_3">jsan_resources/corpora/amt/rr/rr_09_3.txt</document><document title="rr_10_3">jsan_resources/corpora/amt/rr/rr_10_3.txt</document><document title="rr_11_3">jsan_resources/corpora/amt/rr/rr_11_3.txt</document><document title="rr_12_3_4">jsan_resources/corpora/amt/rr/rr_12_3_4.txt</document><document title="rr_13_4">jsan_resources/corpora/amt/rr/rr_13_4.txt</document><document title="rr_14_4">jsan_resources/corpora/amt/rr/rr_14_4.txt</document></author><author name="ww"><document title="ww_01_1">jsan_resources/corpora/amt/ww/ww_01_1.txt</document><document title="ww_02_1">jsan_resources/corpora/amt/ww/ww_02_1.txt</document><document title="ww_03_1">jsan_resources/corpora/amt/ww/ww_03_1.txt</document><document title="ww_04_1_2">jsan_resources/corpora/amt/ww/ww_04_1_2.txt</document><document title="ww_05_2">jsan_resources/corpora/amt/ww/ww_05_2.txt</document><document title="ww_06_2">jsan_resources/corpora/amt/ww/ww_06_2.txt</document><document title="ww_07_2">jsan_resources/corpora/amt/ww/ww_07_2.txt</document><document title="ww_08_2">jsan_resources/corpora/amt/ww/ww_08_2.txt</document><document title="ww_09_2">jsan_resources/corpora/amt/ww/ww_09_2.txt</document><document title="ww_10_2_3">jsan_resources/corpora/amt/ww/ww_10_2_3.txt</document><document title="ww_11_3">jsan_resources/corpora/amt/ww/ww_11_3.txt</document><document title="ww_12_3">jsan_resources/corpora/amt/ww/ww_12_3.txt</document><document title="ww_13_3">jsan_resources/corpora/amt/ww/ww_13_3.txt</document><document title="ww_14_3">jsan_resources/corpora/amt/ww/ww_14_3.txt</document><document title="ww_15_3">jsan_resources/corpora/amt/ww/ww_15_3.txt</document></author><author name="j"><document title="j_01_1">jsan_resources/corpora/amt/j/j_01_1.txt</document><document title="j_02_1_2">jsan_resources/corpora/amt/j/j_02_1_2.txt</document><document title="j_03_2">jsan_resources/corpora/amt/j/j_03_2.txt</document><document title="j_04_2_3">jsan_resources/corpora/amt/j/j_04_2_3.txt</document><document title="j_05_3">jsan_resources/corpora/amt/j/j_05_3.txt</document><document title="j_06_3_4">jsan_resources/corpora/amt/j/j_06_3_4.txt</document><document title="j_07_4">jsan_resources/corpora/amt/j/j_07_4.txt</document><document title="j_08_4">jsan_resources/corpora/amt/j/j_08_4.txt</document><document title="j_09_4">jsan_resources/corpora/amt/j/j_09_4.txt</document><document title="j_10_4">jsan_resources/corpora/amt/j/j_10_4.txt</document><document title="j_11_4">jsan_resources/corpora/amt/j/j_11_4.txt</document><document title="j_12_4">jsan_resources/corpora/amt/j/j_12_4.txt</document><document title="j_13_4">jsan_resources/corpora/amt/j/j_13_4.txt</document><document title="j_14_4_5">jsan_resources/corpora/amt/j/j_14_4_5.txt</document><document title="j_15_5_6">jsan_resources/corpora/amt/j/j_15_5_6.txt</document></author><author name="b"><document title="b_01_1">jsan_resources/corpora/amt/b/b_01_1.txt</document><document title="b_02_1">jsan_resources/corpora/amt/b/b_02_1.txt</document><document title="b_03_1_2">jsan_resources/corpora/amt/b/b_03_1_2.txt</document><document title="b_04_2">jsan_resources/corpora/amt/b/b_04_2.txt</document><document title="b_05_2">jsan_resources/corpora/amt/b/b_05_2.txt</document><document title="b_06_2">jsan_resources/corpora/amt/b/b_06_2.txt</document><document title="b_07_2">jsan_resources/corpora/amt/b/b_07_2.txt</document><document title="b_08_2">jsan_resources/corpora/amt/b/b_08_2.txt</document><document title="b_09_2_3">jsan_resources/corpora/amt/b/b_09_2_3.txt</document><document title="b_10_3_4">jsan_resources/corpora/amt/b/b_10_3_4.txt</document><document title="b_11_4">jsan_resources/corpora/amt/b/b_11_4.txt</document><document title="b_12_4">jsan_resources/corpora/amt/b/b_12_4.txt</document><document title="b_13_4">jsan_resources/corpora/amt/b/b_13_4.txt</document><document title="b_14_4">jsan_resources/corpora/amt/b/b_14_4.txt</document><document title="b_15_4">jsan_resources/corpora/amt/b/b_15_4.txt</document><document title="b_16_4">jsan_resources/corpora/amt/b/b_16_4.txt</document><document title="b_17_4">jsan_resources/corpora/amt/b/b_17_4.txt</document></author><author name="mm"><document title="mm_01_1">jsan_resources/corpora/amt/mm/mm_01_1.txt</document><document title="mm_02_1">jsan_resources/corpora/amt/mm/mm_02_1.txt</document><document title="mm_03_1">jsan_resources/corpora/amt/mm/mm_03_1.txt</document><document title="mm_04_1">jsan_resources/corpora/amt/mm/mm_04_1.txt</document><document title="mm_05_1">jsan_resources/corpora/amt/mm/mm_05_1.txt</document><document title="mm_06_1">jsan_resources/corpora/amt/mm/mm_06_1.txt</document><document title="mm_07_1">jsan_resources/corpora/amt/mm/mm_07_1.txt</document><document title="mm_08_1">jsan_resources/corpora/amt/mm/mm_08_1.txt</document><document title="mm_09_1">jsan_resources/corpora/amt/mm/mm_09_1.txt</document><document title="mm_10_1_2">jsan_resources/corpora/amt/mm/mm_10_1_2.txt</document><document title="mm_11_2">jsan_resources/corpora/amt/mm/mm_11_2.txt</document><document title="mm_12_2">jsan_resources/corpora/amt/mm/mm_12_2.txt</document><document title="mm_13_2">jsan_resources/corpora/amt/mm/mm_13_2.txt</document><document title="mm_14_2">jsan_resources/corpora/amt/mm/mm_14_2.txt</document></author><author name="g"><document title="g_01_1">jsan_resources/corpora/amt/g/g_01_1.txt</document><document title="g_02_1">jsan_resources/corpora/amt/g/g_02_1.txt</document><document title="g_03_1">jsan_resources/corpora/amt/g/g_03_1.txt</document><document title="g_04_1">jsan_resources/corpora/amt/g/g_04_1.txt</document><document title="g_05_1">jsan_resources/corpora/amt/g/g_05_1.txt</document><document title="g_06_1">jsan_resources/corpora/amt/g/g_06_1.txt</document><document title="g_07_1">jsan_resources/corpora/amt/g/g_07_1.txt</document><document title="g_08_1">jsan_resources/corpora/amt/g/g_08_1.txt</document><document title="g_09_1">jsan_resources/corpora/amt/g/g_09_1.txt</document><document title="g_10_1">jsan_resources/corpora/amt/g/g_10_1.txt</document><document title="g_11_1">jsan_resources/corpora/amt/g/g_11_1.txt</document><document title="g_12_1">jsan_resources/corpora/amt/g/g_12_1.txt</document><document title="g_13_1">jsan_resources/corpora/amt/g/g_13_1.txt</document><document title="g_14_1">jsan_resources/corpora/amt/g/g_14_1.txt</document><document title="g_15_1">jsan_resources/corpora/amt/g/g_15_1.txt</document><document title="g_16_1">jsan_resources/corpora/amt/g/g_16_1.txt</document></author><author name="w"><document title="w_01_1">jsan_resources/corpora/amt/w/w_01_1.txt</document><document title="w_02_1">jsan_resources/corpora/amt/w/w_02_1.txt</document><document title="w_03_1_2">jsan_resources/corpora/amt/w/w_03_1_2.txt</document><document title="w_04_2">jsan_resources/corpora/amt/w/w_04_2.txt</document><document title="w_05_2">jsan_resources/corpora/amt/w/w_05_2.txt</document><document title="w_06_2">jsan_resources/corpora/amt/w/w_06_2.txt</document><document title="w_07_2">jsan_resources/corpora/amt/w/w_07_2.txt</document><document title="w_08_2">jsan_resources/corpora/amt/w/w_08_2.txt</document><document title="w_09_2">jsan_resources/corpora/amt/w/w_09_2.txt</document><document title="w_10_2_3">jsan_resources/corpora/amt/w/w_10_2_3.txt</document><document title="w_11_3_4">jsan_resources/corpora/amt/w/w_11_3_4.txt</document><document title="w_12_4">jsan_resources/corpora/amt/w/w_12_4.txt</document><document title="w_13_4_5">jsan_resources/corpora/amt/w/w_13_4_5.txt</document><document title="w_14_5">jsan_resources/corpora/amt/w/w_14_5.txt</document></author><author name="u"><document title="u_01_1">jsan_resources/corpora/amt/u/u_01_1.txt</document><document title="u_02_1_2">jsan_resources/corpora/amt/u/u_02_1_2.txt</document><document title="u_03_2">jsan_resources/corpora/amt/u/u_03_2.txt</document><document title="u_04_2">jsan_resources/corpora/amt/u/u_04_2.txt</document><document title="u_05_2">jsan_resources/corpora/amt/u/u_05_2.txt</document><document title="u_06_2">jsan_resources/corpora/amt/u/u_06_2.txt</document><document title="u_07_2_3">jsan_resources/corpora/amt/u/u_07_2_3.txt</document><document title="u_08_3">jsan_resources/corpora/amt/u/u_08_3.txt</document><document title="u_09_3_4">jsan_resources/corpora/amt/u/u_09_3_4.txt</document><document title="u_10_4">jsan_resources/corpora/amt/u/u_10_4.txt</document><document title="u_11_4_5">jsan_resources/corpora/amt/u/u_11_4_5.txt</document><document title="u_12_5">jsan_resources/corpora/amt/u/u_12_5.txt</document><document title="u_13_5">jsan_resources/corpora/amt/u/u_13_5.txt</document><document title="u_14_5_6">jsan_resources/corpora/amt/u/u_14_5_6.txt</document><document title="u_15_6">jsan_resources/corpora/amt/u/u_15_6.txt</document></author><author name="qq"><document title="qq_01_1">jsan_resources/corpora/amt/qq/qq_01_1.txt</document><document title="qq_02_1">jsan_resources/corpora/amt/qq/qq_02_1.txt</document><document title="qq_03_1">jsan_resources/corpora/amt/qq/qq_03_1.txt</document><document title="qq_04_1">jsan_resources/corpora/amt/qq/qq_04_1.txt</document><document title="qq_05_1">jsan_resources/corpora/amt/qq/qq_05_1.txt</document><document title="qq_06_1_2">jsan_resources/corpora/amt/qq/qq_06_1_2.txt</document><document title="qq_07_2">jsan_resources/corpora/amt/qq/qq_07_2.txt</document><document title="qq_08_2">jsan_resources/corpora/amt/qq/qq_08_2.txt</document><document title="qq_09_2">jsan_resources/corpora/amt/qq/qq_09_2.txt</document><document title="qq_10_2">jsan_resources/corpora/amt/qq/qq_10_2.txt</document><document title="qq_11_2">jsan_resources/corpora/amt/qq/qq_11_2.txt</document><document title="qq_12_2">jsan_resources/corpora/amt/qq/qq_12_2.txt</document><document title="qq_13_2">jsan_resources/corpora/amt/qq/qq_13_2.txt</document><document title="qq_14_2">jsan_resources/corpora/amt/qq/qq_14_2.txt</document><document title="qq_15_2">jsan_resources/corpora/amt/qq/qq_15_2.txt</document><document title="qq_16_2">jsan_resources/corpora/amt/qq/qq_16_2.txt</document><document title="qq_17_2">jsan_resources/corpora/amt/qq/qq_17_2.txt</document><document title="qq_18_2">jsan_resources/corpora/amt/qq/qq_18_2.txt</document><document title="qq_19_2">jsan_resources/corpora/amt/qq/qq_19_2.txt</document><document title="qq_20_2">jsan_resources/corpora/amt/qq/qq_20_2.txt</document><document title="qq_21_2">jsan_resources/corpora/amt/qq/qq_21_2.txt</document><document title="qq_22_2">jsan_resources/corpora/amt/qq/qq_22_2.txt</document><document title="qq_23_2">jsan_resources/corpora/amt/qq/qq_23_2.txt</document></author><author name="h"><document title="h_01_1">jsan_resources/corpora/amt/h/h_01_1.txt</document><document title="h_02_1">jsan_resources/corpora/amt/h/h_02_1.txt</document><document title="h_03_1">jsan_resources/corpora/amt/h/h_03_1.txt</document><document title="h_04_1">jsan_resources/corpora/amt/h/h_04_1.txt</document><document title="h_05_1">jsan_resources/corpora/amt/h/h_05_1.txt</document><document title="h_06_1">jsan_resources/corpora/amt/h/h_06_1.txt</document><document title="h_07_1">jsan_resources/corpora/amt/h/h_07_1.txt</document><document title="h_08_1_2">jsan_resources/corpora/amt/h/h_08_1_2.txt</document><document title="h_09_2">jsan_resources/corpora/amt/h/h_09_2.txt</document><document title="h_10_2">jsan_resources/corpora/amt/h/h_10_2.txt</document><document title="h_11_2">jsan_resources/corpora/amt/h/h_11_2.txt</document><document title="h_12_2">jsan_resources/corpora/amt/h/h_12_2.txt</document><document title="h_13_2">jsan_resources/corpora/amt/h/h_13_2.txt</document><document title="h_14_2">jsan_resources/corpora/amt/h/h_14_2.txt</document><document title="h_15_2">jsan_resources/corpora/amt/h/h_15_2.txt</document><document title="h_16_2">jsan_resources/corpora/amt/h/h_16_2.txt</document><document title="h_17_2">jsan_resources/corpora/amt/h/h_17_2.txt</document><document title="h_18_2">jsan_resources/corpora/amt/h/h_18_2.txt</document></author><author name="c"><document title="c_01_1">jsan_resources/corpora/amt/c/c_01_1.txt</document><document title="c_02_1">jsan_resources/corpora/amt/c/c_02_1.txt</document><document title="c_03_1">jsan_resources/corpora/amt/c/c_03_1.txt</document><document title="c_04_1">jsan_resources/corpora/amt/c/c_04_1.txt</document><document title="c_05_1">jsan_resources/corpora/amt/c/c_05_1.txt</document><document title="c_06_1">jsan_resources/corpora/amt/c/c_06_1.txt</document><document title="c_07_1">jsan_resources/corpora/amt/c/c_07_1.txt</document><document title="c_08_1">jsan_resources/corpora/amt/c/c_08_1.txt</document><document title="c_09_1">jsan_resources/corpora/amt/c/c_09_1.txt</document><document title="c_10_1">jsan_resources/corpora/amt/c/c_10_1.txt</document><document title="c_11_1">jsan_resources/corpora/amt/c/c_11_1.txt</document><document title="c_12_1_2">jsan_resources/corpora/amt/c/c_12_1_2.txt</document><document title="c_13_2">jsan_resources/corpora/amt/c/c_13_2.txt</document><document title="c_14_2">jsan_resources/corpora/amt/c/c_14_2.txt</document><document title="c_15_2">jsan_resources/corpora/amt/c/c_15_2.txt</document><document title="c_16_2">jsan_resources/corpora/amt/c/c_16_2.txt</document><document title="c_17_2">jsan_resources/corpora/amt/c/c_17_2.txt</document><document title="c_18_2">jsan_resources/corpora/amt/c/c_18_2.txt</document></author><author name="jj"><document title="jj_01_1">jsan_resources/corpora/amt/jj/jj_01_1.txt</document><document title="jj_02_1">jsan_resources/corpora/amt/jj/jj_02_1.txt</document><document title="jj_03_1">jsan_resources/corpora/amt/jj/jj_03_1.txt</document><document title="jj_04_1">jsan_resources/corpora/amt/jj/jj_04_1.txt</document><document title="jj_05_1">jsan_resources/corpora/amt/jj/jj_05_1.txt</document><document title="jj_06_1">jsan_resources/corpora/amt/jj/jj_06_1.txt</document><document title="jj_07_1">jsan_resources/corpora/amt/jj/jj_07_1.txt</document><document title="jj_08_1">jsan_resources/corpora/amt/jj/jj_08_1.txt</document><document title="jj_09_1">jsan_resources/corpora/amt/jj/jj_09_1.txt</document><document title="jj_10_1">jsan_resources/corpora/amt/jj/jj_10_1.txt</document><document title="jj_11_1_2">jsan_resources/corpora/amt/jj/jj_11_1_2.txt</document><document title="jj_12_2_3">jsan_resources/corpora/amt/jj/jj_12_2_3.txt</document><document title="jj_13_3">jsan_resources/corpora/amt/jj/jj_13_3.txt</document><document title="jj_14_3">jsan_resources/corpora/amt/jj/jj_14_3.txt</document><document title="jj_15_3">jsan_resources/corpora/amt/jj/jj_15_3.txt</document></author></training></problem-set>