<?xml version="1.0" encoding="UTF-8" standalone="no"?><problem-set><training name="author_detect_20_60"><author name="s"><document title="s_01_1">jsan_resources/corpora/amt/s/s_01_1.txt</document><document title="s_02_1">jsan_resources/corpora/amt/s/s_02_1.txt</document><document title="s_03_1">jsan_resources/corpora/amt/s/s_03_1.txt</document><document title="s_04_1">jsan_resources/corpora/amt/s/s_04_1.txt</document><document title="s_05_1">jsan_resources/corpora/amt/s/s_05_1.txt</document><document title="s_06_1">jsan_resources/corpora/amt/s/s_06_1.txt</document><document title="s_07_1_2">jsan_resources/corpora/amt/s/s_07_1_2.txt</document><document title="s_08_2_3">jsan_resources/corpora/amt/s/s_08_2_3.txt</document><document title="s_09_3">jsan_resources/corpora/amt/s/s_09_3.txt</document><document title="s_10_3_4">jsan_resources/corpora/amt/s/s_10_3_4.txt</document><document title="s_11_4">jsan_resources/corpora/amt/s/s_11_4.txt</document><document title="s_12_4">jsan_resources/corpora/amt/s/s_12_4.txt</document><document title="s_13_4_5">jsan_resources/corpora/amt/s/s_13_4_5.txt</document><document title="s_14_5">jsan_resources/corpora/amt/s/s_14_5.txt</document></author><author name="q"><document title="q_01_1">jsan_resources/corpora/amt/q/q_01_1.txt</document><document title="q_02_1">jsan_resources/corpora/amt/q/q_02_1.txt</document><document title="q_03_1">jsan_resources/corpora/amt/q/q_03_1.txt</document><document title="q_04_1">jsan_resources/corpora/amt/q/q_04_1.txt</document><document title="q_05_1">jsan_resources/corpora/amt/q/q_05_1.txt</document><document title="q_06_1">jsan_resources/corpora/amt/q/q_06_1.txt</document><document title="q_07_1">jsan_resources/corpora/amt/q/q_07_1.txt</document><document title="q_08_1">jsan_resources/corpora/amt/q/q_08_1.txt</document><document title="q_09_1">jsan_resources/corpora/amt/q/q_09_1.txt</document><document title="q_10_1_2">jsan_resources/corpora/amt/q/q_10_1_2.txt</document><document title="q_11_2">jsan_resources/corpora/amt/q/q_11_2.txt</document><document title="q_12_2">jsan_resources/corpora/amt/q/q_12_2.txt</document><document title="q_13_2">jsan_resources/corpora/amt/q/q_13_2.txt</document><document title="q_14_2_3">jsan_resources/corpora/amt/q/q_14_2_3.txt</document><document title="q_15_3">jsan_resources/corpora/amt/q/q_15_3.txt</document></author><author name="c"><document title="c_01_1">jsan_resources/corpora/amt/c/c_01_1.txt</document><document title="c_02_1">jsan_resources/corpora/amt/c/c_02_1.txt</document><document title="c_03_1">jsan_resources/corpora/amt/c/c_03_1.txt</document><document title="c_04_1">jsan_resources/corpora/amt/c/c_04_1.txt</document><document title="c_05_1">jsan_resources/corpora/amt/c/c_05_1.txt</document><document title="c_06_1">jsan_resources/corpora/amt/c/c_06_1.txt</document><document title="c_07_1">jsan_resources/corpora/amt/c/c_07_1.txt</document><document title="c_08_1">jsan_resources/corpora/amt/c/c_08_1.txt</document><document title="c_09_1">jsan_resources/corpora/amt/c/c_09_1.txt</document><document title="c_10_1">jsan_resources/corpora/amt/c/c_10_1.txt</document><document title="c_11_1">jsan_resources/corpora/amt/c/c_11_1.txt</document><document title="c_12_1_2">jsan_resources/corpora/amt/c/c_12_1_2.txt</document><document title="c_13_2">jsan_resources/corpora/amt/c/c_13_2.txt</document><document title="c_14_2">jsan_resources/corpora/amt/c/c_14_2.txt</document><document title="c_15_2">jsan_resources/corpora/amt/c/c_15_2.txt</document><document title="c_16_2">jsan_resources/corpora/amt/c/c_16_2.txt</document><document title="c_17_2">jsan_resources/corpora/amt/c/c_17_2.txt</document><document title="c_18_2">jsan_resources/corpora/amt/c/c_18_2.txt</document></author><author name="r"><document title="r_01_1">jsan_resources/corpora/amt/r/r_01_1.txt</document><document title="r_02_1">jsan_resources/corpora/amt/r/r_02_1.txt</document><document title="r_03_1_2">jsan_resources/corpora/amt/r/r_03_1_2.txt</document><document title="r_04_2">jsan_resources/corpora/amt/r/r_04_2.txt</document><document title="r_05_2">jsan_resources/corpora/amt/r/r_05_2.txt</document><document title="r_06_2">jsan_resources/corpora/amt/r/r_06_2.txt</document><document title="r_07_2_3">jsan_resources/corpora/amt/r/r_07_2_3.txt</document><document title="r_08_3_4">jsan_resources/corpora/amt/r/r_08_3_4.txt</document><document title="r_09_4">jsan_resources/corpora/amt/r/r_09_4.txt</document><document title="r_10_4_5">jsan_resources/corpora/amt/r/r_10_4_5.txt</document><document title="r_11_5">jsan_resources/corpora/amt/r/r_11_5.txt</document><document title="r_12_5_6">jsan_resources/corpora/amt/r/r_12_5_6.txt</document><document title="r_13_6">jsan_resources/corpora/amt/r/r_13_6.txt</document><document title="r_14_6">jsan_resources/corpora/amt/r/r_14_6.txt</document></author><author name="e"><document title="e_01_1">jsan_resources/corpora/amt/e/e_01_1.txt</document><document title="e_02_1">jsan_resources/corpora/amt/e/e_02_1.txt</document><document title="e_03_1_2">jsan_resources/corpora/amt/e/e_03_1_2.txt</document><document title="e_04_2">jsan_resources/corpora/amt/e/e_04_2.txt</document><document title="e_05_2">jsan_resources/corpora/amt/e/e_05_2.txt</document><document title="e_06_2">jsan_resources/corpora/amt/e/e_06_2.txt</document><document title="e_07_2">jsan_resources/corpora/amt/e/e_07_2.txt</document><document title="e_08_2_3">jsan_resources/corpora/amt/e/e_08_2_3.txt</document><document title="e_09_3">jsan_resources/corpora/amt/e/e_09_3.txt</document><document title="e_10_3">jsan_resources/corpora/amt/e/e_10_3.txt</document><document title="e_11_3">jsan_resources/corpora/amt/e/e_11_3.txt</document><document title="e_12_3">jsan_resources/corpora/amt/e/e_12_3.txt</document><document title="e_13_3_4">jsan_resources/corpora/amt/e/e_13_3_4.txt</document><document title="e_14_4">jsan_resources/corpora/amt/e/e_14_4.txt</document><document title="e_15_4">jsan_resources/corpora/amt/e/e_15_4.txt</document><document title="e_16_4">jsan_resources/corpora/amt/e/e_16_4.txt</document></author><author name="ff"><document title="ff_01_1">jsan_resources/corpora/amt/ff/ff_01_1.txt</document><document title="ff_02_1">jsan_resources/corpora/amt/ff/ff_02_1.txt</document><document title="ff_03_1">jsan_resources/corpora/amt/ff/ff_03_1.txt</document><document title="ff_04_1">jsan_resources/corpora/amt/ff/ff_04_1.txt</document><document title="ff_05_1">jsan_resources/corpora/amt/ff/ff_05_1.txt</document><document title="ff_06_1">jsan_resources/corpora/amt/ff/ff_06_1.txt</document><document title="ff_07_1_2">jsan_resources/corpora/amt/ff/ff_07_1_2.txt</document><document title="ff_08_2">jsan_resources/corpora/amt/ff/ff_08_2.txt</document><document title="ff_09_2">jsan_resources/corpora/amt/ff/ff_09_2.txt</document><document title="ff_10_2">jsan_resources/corpora/amt/ff/ff_10_2.txt</document><document title="ff_11_2">jsan_resources/corpora/amt/ff/ff_11_2.txt</document><document title="ff_12_2">jsan_resources/corpora/amt/ff/ff_12_2.txt</document><document title="ff_13_2">jsan_resources/corpora/amt/ff/ff_13_2.txt</document><document title="ff_14_2">jsan_resources/corpora/amt/ff/ff_14_2.txt</document></author><author name="x"><document title="x_01_1">jsan_resources/corpora/amt/x/x_01_1.txt</document><document title="x_02_1_2">jsan_resources/corpora/amt/x/x_02_1_2.txt</document><document title="x_03_2">jsan_resources/corpora/amt/x/x_03_2.txt</document><document title="x_04_2">jsan_resources/corpora/amt/x/x_04_2.txt</document><document title="x_05_2">jsan_resources/corpora/amt/x/x_05_2.txt</document><document title="x_06_2_3">jsan_resources/corpora/amt/x/x_06_2_3.txt</document><document title="x_07_3_4">jsan_resources/corpora/amt/x/x_07_3_4.txt</document><document title="x_08_4_5">jsan_resources/corpora/amt/x/x_08_4_5.txt</document><document title="x_09_5">jsan_resources/corpora/amt/x/x_09_5.txt</document><document title="x_10_5">jsan_resources/corpora/amt/x/x_10_5.txt</document><document title="x_11_5">jsan_resources/corpora/amt/x/x_11_5.txt</document><document title="x_12_5">jsan_resources/corpora/amt/x/x_12_5.txt</document><document title="x_13_5">jsan_resources/corpora/amt/x/x_13_5.txt</document></author><author name="g"><document title="g_01_1">jsan_resources/corpora/amt/g/g_01_1.txt</document><document title="g_02_1">jsan_resources/corpora/amt/g/g_02_1.txt</document><document title="g_03_1">jsan_resources/corpora/amt/g/g_03_1.txt</document><document title="g_04_1">jsan_resources/corpora/amt/g/g_04_1.txt</document><document title="g_05_1">jsan_resources/corpora/amt/g/g_05_1.txt</document><document title="g_06_1">jsan_resources/corpora/amt/g/g_06_1.txt</document><document title="g_07_1">jsan_resources/corpora/amt/g/g_07_1.txt</document><document title="g_08_1">jsan_resources/corpora/amt/g/g_08_1.txt</document><document title="g_09_1">jsan_resources/corpora/amt/g/g_09_1.txt</document><document title="g_10_1">jsan_resources/corpora/amt/g/g_10_1.txt</document><document title="g_11_1">jsan_resources/corpora/amt/g/g_11_1.txt</document><document title="g_12_1">jsan_resources/corpora/amt/g/g_12_1.txt</document><document title="g_13_1">jsan_resources/corpora/amt/g/g_13_1.txt</document><document title="g_14_1">jsan_resources/corpora/amt/g/g_14_1.txt</document><document title="g_15_1">jsan_resources/corpora/amt/g/g_15_1.txt</document><document title="g_16_1">jsan_resources/corpora/amt/g/g_16_1.txt</document></author><author name="p"><document title="p_01_1">jsan_resources/corpora/amt/p/p_01_1.txt</document><document title="p_02_1">jsan_resources/corpora/amt/p/p_02_1.txt</document><document title="p_03_1">jsan_resources/corpora/amt/p/p_03_1.txt</document><document title="p_04_1">jsan_resources/corpora/amt/p/p_04_1.txt</document><document title="p_05_1">jsan_resources/corpora/amt/p/p_05_1.txt</document><document title="p_06_1">jsan_resources/corpora/amt/p/p_06_1.txt</document><document title="p_07_1">jsan_resources/corpora/amt/p/p_07_1.txt</document><document title="p_08_1_2">jsan_resources/corpora/amt/p/p_08_1_2.txt</document><document title="p_09_2">jsan_resources/corpora/amt/p/p_09_2.txt</document><document title="p_10_2">jsan_resources/corpora/amt/p/p_10_2.txt</document><document title="p_11_2">jsan_resources/corpora/amt/p/p_11_2.txt</document><document title="p_12_2">jsan_resources/corpora/amt/p/p_12_2.txt</document><document title="p_13_2_3">jsan_resources/corpora/amt/p/p_13_2_3.txt</document><document title="p_14_3">jsan_resources/corpora/amt/p/p_14_3.txt</document><document title="p_15_3">jsan_resources/corpora/amt/p/p_15_3.txt</document><document title="p_16_3">jsan_resources/corpora/amt/p/p_16_3.txt</document><document title="p_17_3">jsan_resources/corpora/amt/p/p_17_3.txt</document><document title="p_18_3">jsan_resources/corpora/amt/p/p_18_3.txt</document><document title="p_19_3">jsan_resources/corpora/amt/p/p_19_3.txt</document><document title="p_20_3">jsan_resources/corpora/amt/p/p_20_3.txt</document></author><author name="kk"><document title="kk_01_1">jsan_resources/corpora/amt/kk/kk_01_1.txt</document><document title="kk_02_1">jsan_resources/corpora/amt/kk/kk_02_1.txt</document><document title="kk_03_1">jsan_resources/corpora/amt/kk/kk_03_1.txt</document><document title="kk_04_1_2">jsan_resources/corpora/amt/kk/kk_04_1_2.txt</document><document title="kk_05_2">jsan_resources/corpora/amt/kk/kk_05_2.txt</document><document title="kk_06_2">jsan_resources/corpora/amt/kk/kk_06_2.txt</document><document title="kk_07_2_3">jsan_resources/corpora/amt/kk/kk_07_2_3.txt</document><document title="kk_08_3">jsan_resources/corpora/amt/kk/kk_08_3.txt</document><document title="kk_09_3">jsan_resources/corpora/amt/kk/kk_09_3.txt</document><document title="kk_10_3">jsan_resources/corpora/amt/kk/kk_10_3.txt</document><document title="kk_11_3">jsan_resources/corpora/amt/kk/kk_11_3.txt</document><document title="kk_12_3">jsan_resources/corpora/amt/kk/kk_12_3.txt</document><document title="kk_13_3">jsan_resources/corpora/amt/kk/kk_13_3.txt</document><document title="kk_14_3_4">jsan_resources/corpora/amt/kk/kk_14_3_4.txt</document><document title="kk_15_4">jsan_resources/corpora/amt/kk/kk_15_4.txt</document><document title="kk_16_4">jsan_resources/corpora/amt/kk/kk_16_4.txt</document><document title="kk_17_4">jsan_resources/corpora/amt/kk/kk_17_4.txt</document></author><author name="aa"><document title="aa_01_1">jsan_resources/corpora/amt/aa/aa_01_1.txt</document><document title="aa_02_1_2">jsan_resources/corpora/amt/aa/aa_02_1_2.txt</document><document title="aa_03_2">jsan_resources/corpora/amt/aa/aa_03_2.txt</document><document title="aa_04_2">jsan_resources/corpora/amt/aa/aa_04_2.txt</document><document title="aa_05_2">jsan_resources/corpora/amt/aa/aa_05_2.txt</document><document title="aa_06_2_3">jsan_resources/corpora/amt/aa/aa_06_2_3.txt</document><document title="aa_07_3_4">jsan_resources/corpora/amt/aa/aa_07_3_4.txt</document><document title="aa_08_4">jsan_resources/corpora/amt/aa/aa_08_4.txt</document><document title="aa_09_4">jsan_resources/corpora/amt/aa/aa_09_4.txt</document><document title="aa_10_4">jsan_resources/corpora/amt/aa/aa_10_4.txt</document><document title="aa_11_4">jsan_resources/corpora/amt/aa/aa_11_4.txt</document><document title="aa_12_4_5">jsan_resources/corpora/amt/aa/aa_12_4_5.txt</document><document title="aa_13_5_6">jsan_resources/corpora/amt/aa/aa_13_5_6.txt</document><document title="aa_14_6">jsan_resources/corpora/amt/aa/aa_14_6.txt</document></author><author name="rr"><document title="rr_01_1">jsan_resources/corpora/amt/rr/rr_01_1.txt</document><document title="rr_02_1">jsan_resources/corpora/amt/rr/rr_02_1.txt</document><document title="rr_03_1_2">jsan_resources/corpora/amt/rr/rr_03_1_2.txt</document><document title="rr_04_2">jsan_resources/corpora/amt/rr/rr_04_2.txt</document><document title="rr_05_2">jsan_resources/corpora/amt/rr/rr_05_2.txt</document><document title="rr_06_2">jsan_resources/corpora/amt/rr/rr_06_2.txt</document><document title="rr_07_2_3">jsan_resources/corpora/amt/rr/rr_07_2_3.txt</document><document title="rr_08_3">jsan_resources/corpora/amt/rr/rr_08_3.txt</document><document title="rr_09_3">jsan_resources/corpora/amt/rr/rr_09_3.txt</document><document title="rr_10_3">jsan_resources/corpora/amt/rr/rr_10_3.txt</document><document title="rr_11_3">jsan_resources/corpora/amt/rr/rr_11_3.txt</document><document title="rr_12_3_4">jsan_resources/corpora/amt/rr/rr_12_3_4.txt</document><document title="rr_13_4">jsan_resources/corpora/amt/rr/rr_13_4.txt</document><document title="rr_14_4">jsan_resources/corpora/amt/rr/rr_14_4.txt</document></author><author name="k"><document title="k_01_1">jsan_resources/corpora/amt/k/k_01_1.txt</document><document title="k_02_1">jsan_resources/corpora/amt/k/k_02_1.txt</document><document title="k_03_1">jsan_resources/corpora/amt/k/k_03_1.txt</document><document title="k_04_1_2">jsan_resources/corpora/amt/k/k_04_1_2.txt</document><document title="k_05_2">jsan_resources/corpora/amt/k/k_05_2.txt</document><document title="k_06_2">jsan_resources/corpora/amt/k/k_06_2.txt</document><document title="k_07_2">jsan_resources/corpora/amt/k/k_07_2.txt</document><document title="k_08_2">jsan_resources/corpora/amt/k/k_08_2.txt</document><document title="k_09_2">jsan_resources/corpora/amt/k/k_09_2.txt</document><document title="k_10_2">jsan_resources/corpora/amt/k/k_10_2.txt</document><document title="k_11_2">jsan_resources/corpora/amt/k/k_11_2.txt</document><document title="k_12_2">jsan_resources/corpora/amt/k/k_12_2.txt</document><document title="k_13_2">jsan_resources/corpora/amt/k/k_13_2.txt</document><document title="k_14_2">jsan_resources/corpora/amt/k/k_14_2.txt</document><document title="k_15_2">jsan_resources/corpora/amt/k/k_15_2.txt</document><document title="k_16_2_3">jsan_resources/corpora/amt/k/k_16_2_3.txt</document><document title="k_17_3">jsan_resources/corpora/amt/k/k_17_3.txt</document><document title="k_18_3">jsan_resources/corpora/amt/k/k_18_3.txt</document><document title="k_19_3">jsan_resources/corpora/amt/k/k_19_3.txt</document></author><author name="qq"><document title="qq_01_1">jsan_resources/corpora/amt/qq/qq_01_1.txt</document><document title="qq_02_1">jsan_resources/corpora/amt/qq/qq_02_1.txt</document><document title="qq_03_1">jsan_resources/corpora/amt/qq/qq_03_1.txt</document><document title="qq_04_1">jsan_resources/corpora/amt/qq/qq_04_1.txt</document><document title="qq_05_1">jsan_resources/corpora/amt/qq/qq_05_1.txt</document><document title="qq_06_1_2">jsan_resources/corpora/amt/qq/qq_06_1_2.txt</document><document title="qq_07_2">jsan_resources/corpora/amt/qq/qq_07_2.txt</document><document title="qq_08_2">jsan_resources/corpora/amt/qq/qq_08_2.txt</document><document title="qq_09_2">jsan_resources/corpora/amt/qq/qq_09_2.txt</document><document title="qq_10_2">jsan_resources/corpora/amt/qq/qq_10_2.txt</document><document title="qq_11_2">jsan_resources/corpora/amt/qq/qq_11_2.txt</document><document title="qq_12_2">jsan_resources/corpora/amt/qq/qq_12_2.txt</document><document title="qq_13_2">jsan_resources/corpora/amt/qq/qq_13_2.txt</document><document title="qq_14_2">jsan_resources/corpora/amt/qq/qq_14_2.txt</document><document title="qq_15_2">jsan_resources/corpora/amt/qq/qq_15_2.txt</document><document title="qq_16_2">jsan_resources/corpora/amt/qq/qq_16_2.txt</document><document title="qq_17_2">jsan_resources/corpora/amt/qq/qq_17_2.txt</document><document title="qq_18_2">jsan_resources/corpora/amt/qq/qq_18_2.txt</document><document title="qq_19_2">jsan_resources/corpora/amt/qq/qq_19_2.txt</document><document title="qq_20_2">jsan_resources/corpora/amt/qq/qq_20_2.txt</document><document title="qq_21_2">jsan_resources/corpora/amt/qq/qq_21_2.txt</document><document title="qq_22_2">jsan_resources/corpora/amt/qq/qq_22_2.txt</document><document title="qq_23_2">jsan_resources/corpora/amt/qq/qq_23_2.txt</document></author><author name="b"><document title="b_01_1">jsan_resources/corpora/amt/b/b_01_1.txt</document><document title="b_02_1">jsan_resources/corpora/amt/b/b_02_1.txt</document><document title="b_03_1_2">jsan_resources/corpora/amt/b/b_03_1_2.txt</document><document title="b_04_2">jsan_resources/corpora/amt/b/b_04_2.txt</document><document title="b_05_2">jsan_resources/corpora/amt/b/b_05_2.txt</document><document title="b_06_2">jsan_resources/corpora/amt/b/b_06_2.txt</document><document title="b_07_2">jsan_resources/corpora/amt/b/b_07_2.txt</document><document title="b_08_2">jsan_resources/corpora/amt/b/b_08_2.txt</document><document title="b_09_2_3">jsan_resources/corpora/amt/b/b_09_2_3.txt</document><document title="b_10_3_4">jsan_resources/corpora/amt/b/b_10_3_4.txt</document><document title="b_11_4">jsan_resources/corpora/amt/b/b_11_4.txt</document><document title="b_12_4">jsan_resources/corpora/amt/b/b_12_4.txt</document><document title="b_13_4">jsan_resources/corpora/amt/b/b_13_4.txt</document><document title="b_14_4">jsan_resources/corpora/amt/b/b_14_4.txt</document><document title="b_15_4">jsan_resources/corpora/amt/b/b_15_4.txt</document><document title="b_16_4">jsan_resources/corpora/amt/b/b_16_4.txt</document><document title="b_17_4">jsan_resources/corpora/amt/b/b_17_4.txt</document></author><author name="hh"><document title="hh_01_1">jsan_resources/corpora/amt/hh/hh_01_1.txt</document><document title="hh_02_1_2">jsan_resources/corpora/amt/hh/hh_02_1_2.txt</document><document title="hh_03_2">jsan_resources/corpora/amt/hh/hh_03_2.txt</document><document title="hh_04_2">jsan_resources/corpora/amt/hh/hh_04_2.txt</document><document title="hh_05_2">jsan_resources/corpora/amt/hh/hh_05_2.txt</document><document title="hh_06_2">jsan_resources/corpora/amt/hh/hh_06_2.txt</document><document title="hh_07_2_3">jsan_resources/corpora/amt/hh/hh_07_2_3.txt</document><document title="hh_08_3">jsan_resources/corpora/amt/hh/hh_08_3.txt</document><document title="hh_09_3_4">jsan_resources/corpora/amt/hh/hh_09_3_4.txt</document><document title="hh_10_4">jsan_resources/corpora/amt/hh/hh_10_4.txt</document><document title="hh_11_4_5">jsan_resources/corpora/amt/hh/hh_11_4_5.txt</document><document title="hh_12_5">jsan_resources/corpora/amt/hh/hh_12_5.txt</document><document title="hh_13_5">jsan_resources/corpora/amt/hh/hh_13_5.txt</document><document title="hh_14_5">jsan_resources/corpora/amt/hh/hh_14_5.txt</document><document title="hh_15_5_6">jsan_resources/corpora/amt/hh/hh_15_5_6.txt</document><document title="hh_16_6">jsan_resources/corpora/amt/hh/hh_16_6.txt</document><document title="hh_17_6">jsan_resources/corpora/amt/hh/hh_17_6.txt</document><document title="hh_18_6">jsan_resources/corpora/amt/hh/hh_18_6.txt</document><document title="hh_19_6">jsan_resources/corpora/amt/hh/hh_19_6.txt</document><document title="hh_20_6">jsan_resources/corpora/amt/hh/hh_20_6.txt</document></author><author name="ww"><document title="ww_01_1">jsan_resources/corpora/amt/ww/ww_01_1.txt</document><document title="ww_02_1">jsan_resources/corpora/amt/ww/ww_02_1.txt</document><document title="ww_03_1">jsan_resources/corpora/amt/ww/ww_03_1.txt</document><document title="ww_04_1_2">jsan_resources/corpora/amt/ww/ww_04_1_2.txt</document><document title="ww_05_2">jsan_resources/corpora/amt/ww/ww_05_2.txt</document><document title="ww_06_2">jsan_resources/corpora/amt/ww/ww_06_2.txt</document><document title="ww_07_2">jsan_resources/corpora/amt/ww/ww_07_2.txt</document><document title="ww_08_2">jsan_resources/corpora/amt/ww/ww_08_2.txt</document><document title="ww_09_2">jsan_resources/corpora/amt/ww/ww_09_2.txt</document><document title="ww_10_2_3">jsan_resources/corpora/amt/ww/ww_10_2_3.txt</document><document title="ww_11_3">jsan_resources/corpora/amt/ww/ww_11_3.txt</document><document title="ww_12_3">jsan_resources/corpora/amt/ww/ww_12_3.txt</document><document title="ww_13_3">jsan_resources/corpora/amt/ww/ww_13_3.txt</document><document title="ww_14_3">jsan_resources/corpora/amt/ww/ww_14_3.txt</document><document title="ww_15_3">jsan_resources/corpora/amt/ww/ww_15_3.txt</document></author><author name="vv"><document title="vv_01_1">jsan_resources/corpora/amt/vv/vv_01_1.txt</document><document title="vv_02_1_2">jsan_resources/corpora/amt/vv/vv_02_1_2.txt</document><document title="vv_03_2">jsan_resources/corpora/amt/vv/vv_03_2.txt</document><document title="vv_04_2_3">jsan_resources/corpora/amt/vv/vv_04_2_3.txt</document><document title="vv_05_3_4">jsan_resources/corpora/amt/vv/vv_05_3_4.txt</document><document title="vv_06_4">jsan_resources/corpora/amt/vv/vv_06_4.txt</document><document title="vv_07_4">jsan_resources/corpora/amt/vv/vv_07_4.txt</document><document title="vv_08_4">jsan_resources/corpora/amt/vv/vv_08_4.txt</document><document title="vv_09_4">jsan_resources/corpora/amt/vv/vv_09_4.txt</document><document title="vv_10_4">jsan_resources/corpora/amt/vv/vv_10_4.txt</document><document title="vv_11_4_5">jsan_resources/corpora/amt/vv/vv_11_4_5.txt</document><document title="vv_12_5_6">jsan_resources/corpora/amt/vv/vv_12_5_6.txt</document><document title="vv_13_6">jsan_resources/corpora/amt/vv/vv_13_6.txt</document><document title="vv_14_6">jsan_resources/corpora/amt/vv/vv_14_6.txt</document></author><author name="ii"><document title="ii_01_1">jsan_resources/corpora/amt/ii/ii_01_1.txt</document><document title="ii_02_1">jsan_resources/corpora/amt/ii/ii_02_1.txt</document><document title="ii_03_1_2">jsan_resources/corpora/amt/ii/ii_03_1_2.txt</document><document title="ii_04_2_3">jsan_resources/corpora/amt/ii/ii_04_2_3.txt</document><document title="ii_05_3">jsan_resources/corpora/amt/ii/ii_05_3.txt</document><document title="ii_06_3">jsan_resources/corpora/amt/ii/ii_06_3.txt</document><document title="ii_07_3_4">jsan_resources/corpora/amt/ii/ii_07_3_4.txt</document><document title="ii_08_4">jsan_resources/corpora/amt/ii/ii_08_4.txt</document><document title="ii_09_4_5">jsan_resources/corpora/amt/ii/ii_09_4_5.txt</document><document title="ii_10_5">jsan_resources/corpora/amt/ii/ii_10_5.txt</document><document title="ii_11_5">jsan_resources/corpora/amt/ii/ii_11_5.txt</document><document title="ii_12_5_6">jsan_resources/corpora/amt/ii/ii_12_5_6.txt</document><document title="ii_13_6">jsan_resources/corpora/amt/ii/ii_13_6.txt</document><document title="ii_14_6">jsan_resources/corpora/amt/ii/ii_14_6.txt</document></author><author name="l"><document title="l_01_1">jsan_resources/corpora/amt/l/l_01_1.txt</document><document title="l_02_1">jsan_resources/corpora/amt/l/l_02_1.txt</document><document title="l_03_1">jsan_resources/corpora/amt/l/l_03_1.txt</document><document title="l_04_1">jsan_resources/corpora/amt/l/l_04_1.txt</document><document title="l_05_1">jsan_resources/corpora/amt/l/l_05_1.txt</document><document title="l_06_1_2">jsan_resources/corpora/amt/l/l_06_1_2.txt</document><document title="l_07_2_3">jsan_resources/corpora/amt/l/l_07_2_3.txt</document><document title="l_08_3">jsan_resources/corpora/amt/l/l_08_3.txt</document><document title="l_09_3_4">jsan_resources/corpora/amt/l/l_09_3_4.txt</document><document title="l_10_4">jsan_resources/corpora/amt/l/l_10_4.txt</document><document title="l_11_4_5">jsan_resources/corpora/amt/l/l_11_4_5.txt</document><document title="l_12_4">jsan_resources/corpora/amt/l/l_12_4.txt</document><document title="l_13_4_5">jsan_resources/corpora/amt/l/l_13_4_5.txt</document><document title="l_14_6">jsan_resources/corpora/amt/l/l_14_6.txt</document></author></training></problem-set>